match_id,referee_id
9880,2728
9912,2602
9924,2608
9855,2575
9827,180
9799,2608
9636,2609
9609,2608
9575,2624
9661,2434
9592,183
9870,2602
9783,183
9860,211
9695,218
9794,222
9673,211
9620,2625
9837,183
9642,180
9774,218
9602,222
9948,2609
9682,221
9581,2728
9726,180
9754,211
9889,222
266892,180
267220,222
267670,221
267039,211
266477,218
266033,221
267660,222
266273,1008
267395,221
266874,211
266528,180
266280,1008
267076,1008
267590,183
267077,221
267464,180
266299,183
266191,183
267596,218
69243,1012
69241,1012
69239,221
69257,2535
69253,1013
69244,1003
69277,1010
69229,999
69219,1001
69218,222
69250,1004
69242,1001
69256,2535
69298,222
69259,2699
69224,997
69210,1000
69220,1013
69237,999
69226,1008
69252,1007
69255,1012
69214,997
69262,221
69240,1003
69233,222
69213,221
69238,1010
69267,2535
69288,1003
69254,180
69292,2699
69227,1012
69247,180
69221,1013
69276,1004
69304,1000
69307,1003
69271,1012
69305,1009
69278,211
69275,221
69295,218
69270,1009
69303,997
69245,997
69287,2535
69296,222
69260,1003
69269,222
69246,1003
69302,222
69282,1000
69274,999
69283,2535
69280,1012
69286,1012
69291,1001
69236,221
69234,222
69272,1013
69308,1012
69299,999
69300,1003
69289,1004
69263,1001
69306,997
69248,1001
69328,1004
69329,999
70219,1004
69331,221
69337,1001
69316,1008
69332,1001
69335,221
69330,1013
69297,1012
69325,1009
69324,221
70225,1016
69293,1009
70223,2535
69333,1016
69264,180
69343,211
69340,1004
69265,1008
69319,1009
69334,222
69327,218
69315,1003
69336,1013
69326,211
69268,1004
69320,1003
69312,1004
69314,1015
69318,997
69338,1016
70220,997
70224,1012
70221,1016
69323,180
266015,1008
70281,1008
70308,222
70282,211
266724,218
70272,1001
70304,1013
70280,1015
70296,1001
70297,218
266433,183
70256,180
70259,211
70260,1003
70263,180
70276,1001
70287,221
70284,1015
70275,180
70286,1001
70309,1009
70300,1012
70295,2535
70307,211
70305,1015
266827,1012
267502,218
70271,2535
70262,997
70292,1003
267368,2419
70301,997
70298,1016
70302,1008
70291,1008
267138,1012
267520,183
70289,222
267675,1016
266074,1016
266201,1003
266274,1009
70293,221
70283,2535
70306,1008
266256,180
266613,1015
266491,1016
265830,180
265857,221
266883,211
265837,222
266462,1015
267192,222
266420,1009
267183,180
265963,222
266916,183
267197,1008
70273,222
265896,1016
265866,1008
266406,2535
267085,183
267561,180
266045,218
70303,221
266794,1008
266631,221
266320,218
266525,211
266560,222
266846,180
266531,180
266921,1003
267499,221
266871,180
266770,211
3825895,2728
3825894,1008
3825855,2480
3825908,2692
3825883,2602
3825900,221
3825902,1008
3825876,183
3825846,180
3825869,212
3825882,222
3825849,2535
3825860,211
3825847,2419
3825817,218
3825778,212
3825777,211
3825740,2625
3825875,222
3825884,2535
3825842,218
3825890,180
3825871,2692
3825896,2575
3825841,2625
3825843,221
3825839,211
3825838,2434
3825840,2604
3825836,218
3825835,2625
3825834,2419
3825906,2575
3825897,2692
3825889,2602
3825833,211
3825857,2608
3825863,212
3825829,183
3825830,221
3825832,180
3825831,2480
3825828,2602
3825827,2419
3825826,2604
3825825,2692
3825824,2728
3825823,1008
3825905,2434
3825822,1015
3825821,2419
3825820,2604
3825819,221
3825818,180
3825887,2608
3825907,183
3825903,1008
3825816,2535
3825815,2728
3825858,212
3825813,2692
3825814,2434
3825812,2602
3825811,222
3825807,212
3825809,218
3825810,1015
3825808,2728
3825804,2535
3825867,2419
3825805,1008
3825784,2419
3825782,2480
3825757,2608
3825641,218
3825803,2604
3825800,2575
3825801,2434
3825799,211
3825797,180
3825798,2602
3825795,2608
3825793,183
3825792,2434
3825794,2608
3825788,222
3825791,180
3825790,2535
3825787,1008
3825789,221
3825786,1015
3825781,2604
3825785,218
3825783,2625
3825780,2602
3825779,2692
3825773,2604
3825776,2419
3825775,211
3825770,212
3825768,1008
3825736,2419
3825731,218
3825685,221
3825678,183
3825643,2575
3825642,1015
3825638,183
3825614,2480
3825612,2575
3825607,222
3825595,1008
3825579,1008
3825572,2608
3825774,180
3825772,2728
3825771,221
3825767,2575
3825706,1015
3825712,221
3825708,183
3825707,2575
3825705,2535
3825711,2625
3825703,2608
3825700,218
3825701,180
3825702,2728
3825704,2434
3825891,2692
3825699,1008
3825697,222
3825698,2604
3825694,211
3825693,2434
3825696,1008
3825695,221
3825689,222
3825690,183
3825692,2728
3825691,2480
3825688,1015
3825687,2535
3825683,2692
3825686,212
3825684,2604
3825681,180
3825682,2419
3825680,2602
3825677,2535
3825675,2608
3825676,211
3825674,2480
3825673,1008
3825671,2575
3825672,2604
3825670,2625
3825669,2602
3825668,2692
3825666,2575
3825665,2728
3825667,2419
3825664,180
3825662,212
3825888,1015
3825663,2434
3825659,221
3825658,2604
3825660,1008
3825661,211
3825656,2728
3825657,2419
3825652,2535
3825623,2608
3825626,2602
3825616,2728
3825608,1015
3825601,2480
3825899,2602
3825852,221
3825647,2602
3825637,2728
3825628,222
3825619,212
3825618,180
3825611,2625
3825609,2535
3825598,212
3825584,183
3825570,218
3825562,212
3825904,2434
3825901,222
3825898,222
3825893,1008
3825892,2604
3825886,2608
3825885,2575
3825881,211
3825880,2480
3825879,222
3825878,2625
3825877,2535
3825874,2480
3825873,2728
3825872,211
3825870,2604
3825868,183
3825866,1015
3825865,212
3825864,221
3825862,2419
3825861,2575
3825859,211
3825856,2625
3825854,2608
3825853,221
3825851,2604
3825850,2728
3825845,2434
3825844,2575
3825806,183
3825802,2625
3825679,2608
3825655,183
3825654,2480
3825653,218
3825651,2608
3825650,211
3825649,180
3825648,212
3825765,2535
3825766,2625
3825764,183
3825760,222
3825763,218
3825761,2692
3825762,2608
3825759,2434
3825758,2480
3825756,212
3825755,211
3825754,2625
3825750,2419
3825752,180
3825751,2604
3825753,2728
3825749,2535
3825747,183
3825748,218
3825745,2692
3825746,2434
3825743,2575
3825744,1015
3825742,2602
3825741,222
3825739,221
3825738,2480
3825737,1008
3825734,2434
3825733,2604
3825732,2728
3825735,211
3825729,183
3825728,2602
3825730,2608
3825727,2575
3825723,2692
3825726,2419
3825725,212
3825724,1015
3825722,2604
3825716,180
3825719,2728
3825720,2419
3825717,221
3825721,222
3825718,2625
3825715,2480
3825714,1008
3825713,212
3825710,211
3825709,218
3825646,2625
3825645,2434
3825644,222
3825640,221
3825639,2604
3825636,2535
3825635,1008
3825634,180
3825633,2419
3825632,212
3825631,218
3825630,2575
3825629,211
3825627,1015
3825625,2625
3825624,2434
3825622,2604
3825621,221
3825620,218
3825617,183
3825615,1008
3825613,2419
3825610,2434
3825606,211
3825605,2608
3825604,1008
3825603,183
3825602,180
3825600,2602
3825599,218
3825597,211
3825596,2419
3825594,2575
3825593,2608
3825592,1015
3825591,2535
3825590,2434
3825589,2625
3825588,2602
3825587,1015
3825586,221
3825585,2604
3825583,2728
3825582,212
3825581,2480
3825580,218
3825578,222
3825577,2419
3825576,211
3825575,1015
3825574,2434
3825573,2625
3825571,2535
3825569,2602
3825568,2480
3825567,2604
3825566,221
3825565,183
3825564,180
3825563,2419
266498,1015
266986,180
267576,221
265944,1008
265894,1008
265958,183
266885,218
266664,218
266670,211
266149,180
266620,2535
266056,221
266166,180
266160,1015
266424,222
266467,221
266490,222
266557,222
68314,993
68313,994
68316,2535
68315,222
69153,1007
68352,995
68353,996
69164,995
68324,1004
68320,997
68323,1001
69172,999
68339,998
68348,1002
68354,1000
68351,1005
68317,996
68350,994
68325,996
68321,1006
68319,999
68342,1003
68322,1009
68318,997
69176,997
69179,1011
68334,1002
68333,994
68336,221
68326,1001
69162,999
68335,221
68332,999
68330,1007
68329,997
68341,1004
69165,1006
69155,1007
69154,2699
69156,1008
69159,1000
69175,1009
69160,1003
68331,999
68328,998
68340,2535
69174,1011
68347,222
68327,1006
69157,1007
15978,2728
15998,221
16073,183
16190,180
16109,2419
16173,2728
15946,2625
16157,221
16136,2602
16248,183
16056,180
16289,2602
16079,2609
16149,2493
15973,2692
16131,183
16095,211
16306,211
15986,183
16023,211
16196,221
15956,2602
69151,1008
69144,999
69169,996
68360,2535
69186,1000
69180,997
69143,2535
69181,221
68365,222
69178,998
68364,2699
69170,222
68359,1001
68356,1007
69158,1009
69187,1004
68363,2535
69166,1003
68366,1010
69148,221
69184,1010
69173,1011
69146,1003
69182,1002
68358,1008
68361,1007
69141,221
69145,999
69225,1011
69212,999
69235,2535
69232,1007
69216,221
69209,222
69231,1010
69217,1003
69273,1001
69222,999
69223,1004
69195,999
69251,997
69185,1002
69142,997
69139,1012
69189,1001
69171,221
69249,221
69215,1000
69138,996
69147,222
69177,2699
69207,998
69228,1008
69183,1006
69279,1003
69285,1001
69211,1011
69230,1003
69149,222
303400,183
303493,183
303680,180
303674,211
303470,180
303524,180
303473,180
3773565,2602
3773665,2402
3773497,183
3773660,2602
3773593,2402
3773466,2728
3773585,2434
3773552,2402
3773672,183
3773587,2470
3773377,2608
3773586,2493
3773372,180
3773387,2609
3773695,2625
3773369,2559
3773661,866
3773597,2609
3773523,2625
3773571,2692
3773428,2470
3764661,2728
3773526,866
3773474,2575
3773625,2608
3773403,180
3773547,180
3773415,2434
3764440,2634
3773689,2728
3750234,1936
3879863,419
3879773,419
3879847,252
3879862,266
3879817,268
3879825,1008249
3879750,1940
3879567,250
3879785,261
3879705,1008249
3879628,262
3879665,258
3879699,269
3879703,257
3879609,1940
3879653,269
3879632,257
3879663,261
3879645,259
3879579,262
3879566,1008249
3879587,258
3879556,261
3879585,268
3879582,259
3879564,266
3879562,419
3879837,1940
3879838,419
3879839,253
3879840,266
3879836,261
3879833,259
3879828,257
3879832,262
3879830,270
3879792,263
3879795,1946
3879794,250
3879788,251
3879787,269
3879786,268
3879784,262
3879783,259
3879782,258
3879781,266
3879780,256
3879779,257
3879778,249
3879777,1940
3879774,1946
3879776,259
3879771,250
3879772,251
3879756,258
3879754,256
3879748,261
3879749,251
3879747,270
3879742,257
3879746,259
3879744,266
3879745,1008249
3879743,1946
3879739,269
3879741,279
3879740,264
3879738,253
3879737,1008197
3879732,268
3879707,261
3879702,268
3879704,1008197
3879701,258
3879700,253
3879706,259
3878559,1940
3879636,251
3879627,279
3879626,261
3879625,264
3879624,1940
3879623,258
3879622,267
3879621,1008249
3879620,266
3878611,253
3878610,267
3878608,269
3878607,251
3878606,250
3878605,264
3879876,280
3879875,270
3879874,260
3879873,1003752
3879872,2554
3879871,259
3879870,256
3879869,419
3879868,1008197
3879867,1940
3879866,1940
3879865,258
3879864,267
3879861,1008249
3879860,269
3879859,268
3879858,262
3879857,264
3879856,1008197
3879855,250
3879854,256
3879853,258
3879852,259
3879851,251
3879850,270
3879849,273
3879848,261
3879846,264
3879845,269
3879844,265
3879843,249
3879842,1008249
3879841,268
3879835,1946
3879834,251
3879831,252
3879829,887
3879827,1008197
3879826,262
3879824,265
3879823,270
3879822,256
3879821,258
3879820,250
3879819,419
3879818,254
3879816,251
3879815,264
3879814,266
3879813,1946
3879812,1008197
3879811,1940
3879810,269
3879809,256
3879808,253
3879807,249
3879806,279
3879805,268
3879804,259
3879803,270
3879802,252
3879801,261
3879800,1008197
3879799,258
3879798,257
3879797,1008249
3879796,1008197
3879793,264
3879791,253
3879790,419
3879789,265
3879775,252
3879770,265
3879769,264
3879768,1008249
3879767,270
3879766,266
3879765,253
3879764,249
3879763,269
3879762,262
3879761,257
3879760,264
3879759,268
3879758,1940
3879757,1008197
3879755,1946
3879753,265
3879752,1008197
3879751,250
3879736,1940
3879735,249
3879734,270
3879733,251
3879731,262
3879730,250
3879729,252
3879728,258
3879727,269
3879726,1946
3879725,1008197
3879724,1008249
3879723,265
3879722,264
3879721,259
3879720,270
3879719,261
3879718,271
3879717,257
3879716,250
3879715,252
3879714,251
3879713,262
3879712,266
3879711,1940
3879710,249
3879709,419
3879708,256
3879698,1946
3879697,265
3879696,1940
3879695,1940
3879694,264
3879693,268
3879692,254
3879691,251
3879690,262
3879689,252
3879688,419
3879687,270
3879686,250
3879685,261
3879684,259
3879683,258
3879682,1008197
3879681,262
3879680,256
3879679,253
3879678,249
3879677,419
3879676,269
3879675,1946
3879674,251
3879673,1008249
3879672,270
3879671,266
3879670,257
3879669,264
3879668,1940
3879667,263
3879666,265
3879664,249
3879662,253
3879661,268
3879660,250
3879659,259
3879658,256
3879657,1008197
3879656,252
3879655,257
3879654,255
3879652,265
3879651,419
3879650,1008249
3879649,262
3879648,251
3879647,264
3879646,261
3879644,1946
3879643,252
3879642,270
3879641,253
3879640,268
3879639,266
3879638,250
3879637,258
3879635,269
3879634,256
3879633,249
3879631,1008197
3879630,265
3879629,419
3879619,419
3879618,259
3879617,268
3879616,1946
3879615,265
3879614,270
3879613,251
3879612,257
3879611,252
3879610,253
3879608,269
3879607,250
3879606,256
3879605,264
3879604,262
3879603,275
3879602,249
3879601,261
3879600,259
3879599,266
3879598,419
3879597,268
3879596,1008249
3879595,265
3879594,257
3879593,250
3879592,1946
3879591,1008197
3879590,273
3879589,266
3879588,270
3879586,252
3879584,419
3879583,269
3879581,251
3879580,264
3879578,253
3879577,1940
3879576,270
3879575,256
3879574,265
3879573,261
3879572,258
3879571,255
3879570,259
3879569,249
3879568,1008197
3879565,268
3879563,257
3879561,251
3879560,264
3879559,1940
3879558,1946
3879557,262
3879555,265
3879554,252
3879553,249
3879552,1008197
3879551,250
3879550,266
3879549,253
3879548,269
3879547,270
3879546,256
3879545,258
3879544,263
3879543,1008249
3879542,1946
3879541,257
3879540,1940
3879539,268
3879538,419
3879537,262
3878609,265
3878604,266
3878603,249
3878602,1946
3878601,1008249
3878600,268
3878599,252
3878598,256
3878597,258
3878596,270
3878595,257
3878594,261
3878593,1008197
3878592,262
3878558,1008197
3878557,266
3878556,253
3878555,419
3878554,269
3878553,264
3878552,251
3878551,250
3878550,1946
3878549,252
3878548,259
3878547,258
3878546,262
3878545,249
3878544,270
3878543,257
3878542,265
3878541,261
3878540,268
3889182,1009053
3827767,1004906
3827335,1004863
3827336,1004922
3827338,1004912
3827337,1005422
3817856,1004906
3817891,1004958
3817870,1005029
3817899,1004970
3817866,1004912
3817889,1004906
3817887,1004863
3817872,1004958
3817900,1005422
3817855,1004912
3817863,2459
3817877,1004922
3817901,1004863
3817880,1004970
3817902,1005029
3817862,1004958
3817873,1004922
3817869,1005422
3817881,1004981
3817895,1004906
3817884,1004863
3817896,2459
3817852,1005029
3817883,1004997
3817886,1004970
3817864,1004912
3817882,1004981
3817894,1004958
3817871,1004922
3817861,1004863
3817888,1004906
3817875,1005029
3817868,1004970
3817867,2459
3813313,1004863
3817890,1004922
3813302,2459
3817857,1004922
3817898,1004912
3817893,1005422
3817854,1004863
3817892,1005029
3817859,2459
3817858,1004970
3817897,1004863
3817885,1004981
3817878,1004912
3817876,1004906
3813305,2479
3813266,1004970
3813271,1004997
3813311,2479
3813303,1004906
3813304,1005029
3813306,1004863
3813283,1004912
3813275,1004970
3813278,1004906
3813295,1004981
3813282,2479
3813269,1004997
3817879,1004912
3817874,2479
3817865,1004981
3817860,1004997
3817853,1005029
3817851,1004958
3817850,1004906
3817849,1004997
3817848,1004906
3813318,2459
3813287,1004906
3813270,2459
3813307,1004958
3813279,1004970
3813281,1004912
3813274,2479
3813285,2479
3813317,1004863
3813316,1004912
3813315,1004958
3813314,1004863
3813312,1004997
3813310,1004922
3813309,2479
3813308,1004997
3813301,1004958
3813300,1004922
3813299,1004863
3813298,1004906
3813297,1004912
3813294,1004981
3813293,1004863
3813292,2479
3813291,1004912
3813290,1004981
3813289,1004922
3813288,1004970
3813286,2459
3813284,1005029
3813280,1004906
3813277,1004970
3813276,1004912
3813273,1004922
3813272,1004922
3813268,2459
3813267,1004997
3813265,1004958
3813264,1004912
3888787,1009055
18245,727
18244,186
18235,708
18236,449
18237,717
18240,419
18241,287
18242,581
18243,728
3888711,1009028
3750200,700
22912,420
3750201,705
3750235,1920
3754058,5
3754245,4
3754136,4
3754037,7
3754039,9
3754041,728
3754042,9
3754043,7
3754045,2
3754048,14
3754049,7
3754050,8
3754052,8
3754053,8
3754055,1
3754226,12
3754014,12
3754091,4
3754135,4
3754293,8
3754339,10
3754146,5
3754347,728
3754255,2
3754278,1
3753979,4
3753972,5
3753978,13
3753974,10
3753993,12
3753983,12
3754015,728
3754038,3
3754001,4
3754007,1
3754008,14
3754029,6
3753995,9
3753999,14
3754017,7
3754006,8
3754023,7
3753984,12
3754011,728
3754010,13
3754028,13
3753996,2
3754025,13
3754068,4
3754056,728
3754040,8
3754074,6
3754076,7
3754067,728
3754079,12
3754090,13
3754083,2
3754077,9
3754060,4
3754073,14
3754085,1
3754047,8
3754051,728
3754093,1
3754046,2
3754072,11
3754082,5
3754106,6
3754099,3
3754098,728
3754057,14
3754112,2
3754117,12
3754104,6
3754054,8
3754113,8
3754107,6
3754105,9
3754097,3
3754102,8
3754115,13
3754148,2
3754169,12
3754174,2
3754185,9
3754162,8
3754096,5
3754171,8
3754119,9
3754126,10
3754133,12
3754167,9
3754145,6
3754153,9
3754143,5
3754186,2
3754130,11
3754188,12
3754178,10
3754157,12
3754166,3
3754211,14
3754150,6
3754160,9
3754218,6
3754217,6
3754205,5
3754221,4
3754198,2
3754193,6
3754222,1
3754213,9
3754212,3
3754223,14
3754197,728
3754208,3
3754204,9
3754194,17
3754219,6
3754254,2
3754230,5
3754285,6
3754233,8
3754270,9
3754237,10
3754257,14
3754266,8
3754256,3
3754288,3
3754238,10
3754269,9
3754234,13
3754246,728
3754296,5
3754273,50
3754263,6
3754268,14
3754286,6
3754291,8
3754283,1
3754235,4
3754279,13
3754276,13
3754287,5
3754259,10
3754335,728
3754298,16
3754315,4
3754330,14
3754337,3
3754297,6
3754301,728
3754323,6
3754304,16
3754311,728
3754328,9
3754309,3
3754325,16
3754329,8
3754302,17
3754013,728
3754044,1
3754351,7
3754343,4
3754109,8
3754182,4
3754240,3
3754336,5
3754247,10
3754156,13
3754265,4
3754000,14
3754003,1
3754344,14
3754131,3
3754300,14
3754312,10
3754138,74
3754203,8
3754190,50
3754066,4
3754034,1
3753985,8
3753987,4
3754189,5
3754129,1
3754180,7
3754059,728
3754064,13
3754065,10
3754173,13
3754175,13
3753973,9
3753975,13
3753976,9
3753977,2
3753980,728
3753981,728
3753982,1
3753986,728
3753988,13
3753989,8
3753990,6
3753991,4
3753992,3
3753994,1
3753997,3
3753998,1
3754002,2
3754004,9
3754005,7
3754009,13
3754012,4
3754016,9
3754018,13
3754019,4
3754021,4
3754022,1
3754024,10
3754026,12
3754027,6
3754030,12
3754031,5
3754032,7
3754033,5
3754035,14
3754036,2
3754061,728
3754062,8
3754063,8
3754069,8
3754070,9
3754071,11
3754075,7
3754080,13
3754081,6
3754084,9
3754086,6
3754087,3
3754088,6
3754089,14
3754092,728
3754094,13
3754095,16
3754100,4
3754101,728
3754103,6
3754108,14
3754110,2
3754111,728
3754114,12
3754116,5
3754118,8
3754120,728
3754121,8
3754122,10
3754123,10
3754124,1
3754125,14
3754127,5
3754132,2
3754134,6
3754137,2
3754139,3
3754140,1
3754142,13
3754144,9
3754147,728
3754149,6
3754151,2
3754152,8
3754154,5
3754155,1
3754158,1
3754159,3
3754161,1
3754163,8
3754164,7
3754165,1
3754168,4
3754170,6
3754172,5
3754176,728
3754177,17
3754179,4
3754181,14
3754183,2
3754184,14
3754187,7
3754191,2
3754192,10
3754195,14
3754196,10
3754199,14
3754200,14
3754201,10
3754202,2
3754206,12
3754207,13
3754209,6
3754210,2
3754214,7
3754215,3
3754216,14
3754220,5
3754224,6
3754225,728
3754227,3
3754228,728
3754229,2
3754231,728
3754232,14
3754236,3
3754239,2
3754241,2
3754242,13
3754243,6
3754244,14
3754249,10
3754250,13
3754251,9
3754252,2
3754253,12
3754260,3
3754261,4
3754262,4
3754264,13
3754295,12
3754271,5
3754272,4
3754274,11
3754275,5
3754277,8
3754280,10
3754281,1
3754282,7
3754284,3
3754289,3
3754290,8
3754292,10
3754294,9
3754248,1
3754299,5
3754303,6
3754305,14
3754306,4
3754307,9
3754308,12
3754310,10
3754313,3
3754314,8
3754316,9
3754317,12
3754318,1
3754319,3
3754320,5
3754321,12
3754322,6
3754324,14
3754326,7
3754327,13
3754331,6
3754332,14
3754333,8
3754334,6
3754338,7
3754340,7
3754341,6
3754342,10
3754345,728
3754346,4
3754348,10
3754349,5
3754350,1
3754258,2
3754020,2
3754267,17
3754141,4
3754128,728
3754078,1
3749274,669
3749590,1008015
3749631,1008017
3749117,1008016
3887188,1009054
3750244,1932
3750245,1929
19770,895
19820,937
19772,894
19769,914
19746,908
7298,109
19778,566
19771,918
19736,905
19745,900
19730,895
19794,932
19766,915
19734,906
19717,569
19718,565
19810,894
19743,898
19740,568
19716,567
19800,915
19739,894
19748,893
19822,914
19785,566
19749,566
19751,897
19764,917
19773,919
19783,925
19747,902
19757,831
19742,896
19777,922
19758,896
19802,924
19803,935
19811,893
19805,893
19752,909
19775,921
19760,914
19787,928
19733,2912
19765,916
19792,914
19732,902
19744,907
19799,933
19753,910
19735,566
19720,893
19719,895
19715,568
19723,894
19722,896
19727,900
19731,903
19714,566
19728,899
19726,567
19725,898
19738,904
19759,894
19750,911
19761,913
19762,912
19763,893
19768,567
19767,898
19776,920
19737,567
19790,898
19793,566
19789,567
19791,894
19795,566
19797,914
19780,926
19781,927
19779,924
19798,926
19782,923
19784,929
19786,569
19774,918
19755,931
19806,904
19807,894
19788,930
19808,936
19804,566
19813,915
19816,937
19809,898
19815,894
19817,938
19818,939
19819,893
19821,566
19801,934
19741,895
19756,978
19754,567
19724,897
19814,842
19729,893
19796,910
2275127,1509
2275136,566
2275154,568
2275150,898
2275146,933
2275142,894
2275137,1721
2275153,914
2275151,1621
2275144,1809
2275088,904
2275110,928
2275044,566
2275105,566
2275063,566
2275054,898
2275072,893
2275085,567
2275113,912
2275099,1274
2275057,898
2275075,893
2275077,894
2275036,1720
2275117,1624
2275092,567
2275040,928
2275122,914
2275045,1710
2275093,893
2275097,894
2275084,915
2275089,926
2275116,914
2275104,567
2275052,34
2275037,893
2275027,937
2275078,898
2275080,1711
2275098,914
2275156,937
2275139,914
2275070,1512
2275051,918
2275050,932
2275029,1621
2275090,937
2275042,893
2275157,567
2275108,928
2275082,937
2275138,894
2275049,1690
2275132,898
2275061,937
2275096,893
2275033,907
2275107,893
2275130,898
2275034,912
2275026,894
2275041,898
2275094,897
2275106,1721
2275073,928
2275038,937
2275131,1497
2275062,566
2275048,937
2275121,1275
2275065,567
2275079,926
2275103,1622
2275140,906
2275126,1689
2275102,922
2275109,918
2275091,1711
2275030,1710
2275133,922
2275083,893
2275120,1275
2275028,567
2275086,842
2275056,898
2275074,915
3775648,928
3775609,1711
3775633,918
3775570,1872
3775581,831
3775579,918
3775544,566
3775622,1872
3775553,2127
3775584,1872
3775618,831
3775641,566
3775636,893
3775653,928
3775654,914
3775643,893
3764237,894
3775594,893
3775560,937
3775624,898
3764240,896
3764233,898
3775585,898
3775593,893
3775602,915
3775620,1721
3764232,566
3775559,567
3775606,937
3775567,566
3775638,893
3775607,566
3764230,914
3764241,567
3764235,893
3764239,923
3764236,1711
3764231,915
3764234,937
3775543,914
3775551,1720
3775540,1711
3775550,1711
3775545,893
3775556,893
3775575,914
3775562,1275
3775561,912
3775582,894
3775558,567
3775552,937
3775557,928
3775564,893
3775569,831
3775548,898
3775568,918
3775563,1710
3775555,898
3775549,928
3775572,937
3775577,831
3775541,567
3775588,1711
3775586,937
3775592,567
3775580,928
3775591,915
3775590,928
3775571,914
3775589,928
3775578,893
3775596,896
3775576,566
3775574,1711
3775573,914
3775597,898
3775611,566
3775628,928
3775627,914
3775644,898
3775637,898
3775631,928
3775621,894
3775615,831
3775610,928
3775616,918
3775632,893
3775629,928
3775619,937
3775600,914
3775605,831
3775626,898
3775614,1711
3775603,2134
3775625,1872
3775613,567
3775598,1872
3775601,928
3775630,918
3775651,918
3775635,567
3775650,566
3775647,567
3775659,1621
3775657,1711
3775649,914
3775645,937
3775639,831
3775642,567
3775646,567
3775655,831
3775640,1721
3775658,937
3775623,937
3775566,937
3775546,566
3775547,567
3775587,914
3775595,894
3775604,898
3775634,893
3775617,937
3775565,918
3775583,1711
3775542,1872
3775608,894
3775599,898
3775554,1711
3775652,1872
3764238,937
3857256,1121
3869151,367
3857257,2311
3857258,741
3857288,225
3857267,76
3869321,180
3857287,76
3869486,1094
3869685,367
3857260,1
3857264,293
3857266,367
3857289,269
3857269,1834
3857294,736
3869254,740
3869118,1834
3869684,2521
3869519,269
3869354,986
3869552,740
3869420,1
3869220,1121
3869219,438
3869253,76
3869152,1847
3869117,986
3857270,741
3857263,293
3857259,737
3857295,1
3857283,740
3857284,1834
3857282,2521
3857286,269
3857301,180
3857300,943
3857299,8
3857298,438
3857297,986
3857296,8
3857293,225
3857292,128
3857290,1094
3857285,986
3857281,1814
3857280,438
3857279,2366
3857278,180
3857277,1121
3857276,2638
3857275,739
3857274,2311
3857273,1835
3857272,1847
3857271,2638
3857268,743
3857265,1701
3857262,1094
3857261,943
3857255,2366
3857254,740
3888705,1009025
3888704,1009022
3889218,1009078
3889217,1009039
3888702,1009040
3888701,1009037
3888700,1009033
3888699,1892
7585,435
7570,420
7586,420
7557,731
7542,435
8656,581
7554,992
7550,186
7548,287
7578,287
7553,727
7544,76
7536,743
7555,740
7546,737
7539,176
7538,742
7576,268
7565,741
7551,367
7537,175
7580,741
8650,727
7581,730
7549,739
7529,738
7534,741
7562,725
7571,727
7569,176
7568,76
7530,734
7558,732
7583,268
7547,180
7535,732
7584,732
7545,735
8649,730
8658,730
7561,180
7531,367
7582,287
7552,428
7532,736
7560,735
7533,740
7564,581
7579,740
7572,743
7577,581
7543,734
7525,730
7566,730
8651,287
7567,435
7541,420
8655,734
8657,741
7540,731
8652,738
7563,738
7556,268
7559,175
3888720,1009028
3888719,1009045
3888718,1009041
3888717,1009047
3888716,1009044
3750180,1892
3889148,1009020
3750191,1900
3793185,1897
7476,135
7482,149
7494,137
7486,156
7497,141
7430,135
7444,143
7443,136
7521,752
7492,152
7524,151
7496,750
7523,134
7520,136
7493,155
7500,751
7519,441
7473,332
7522,158
7484,134
7475,141
7457,151
7445,147
7490,147
7479,134
7478,147
7456,134
7471,148
7477,144
7472,151
7474,331
7487,151
7485,158
7483,147
7451,154
7480,751
3835331,960
3835324,833
3844384,128
3847567,374
3845506,723
3835335,723
3835323,744
3835325,566
3835320,965
3845507,833
3844387,954
3844385,566
3844386,374
3835342,744
3835337,566
3835338,1006663
3835330,128
3835329,811
3835322,723
3835332,954
3835327,990
3835326,830
3835341,954
3835340,128
3835339,811
3835336,374
3835334,965
3835328,1006663
3835333,833
3835321,374
3835319,960
3795108,1
3788769,76
3788766,448
3795220,186
3788761,225
3788764,8
3788773,180
3788755,2445
3788754,725
3788762,269
3788760,2728
3788747,591
3788741,293
3795109,287
3795187,186
3788770,583
3795506,287
3794688,293
3794692,269
3794686,581
3794687,186
3794685,8
3788774,725
3788771,1121
3788772,2445
3788768,186
3788767,581
3788753,293
3788765,943
3788763,1
3788759,180
3788758,1121
3788757,287
3788745,269
3795107,943
3795221,293
3794689,225
3788746,186
3794691,1121
3794690,725
3788756,2691
3788749,448
3788750,943
3788748,225
3788751,2728
3788752,581
3788742,8
3788775,287
3788776,1
3788743,180
3788744,76
3901178,78
3901260,92
3829470,92
3901259,79
3901263,83
3900594,97
3900587,76
3900541,78
3900596,83
3900591,1950
3901188,77
3901184,84
3901182,82
3901170,78
3901169,92
3901166,97
3901168,83
3900601,130
3901262,97
3901261,1948
3901258,78
3901257,76
3901256,82
3901255,1950
3901254,86
3901253,79
3901252,78
3901251,103
3901250,92
3901249,84
3901248,86
3901247,83
3901246,90
3901245,91
3901244,100
3901243,715
3901242,97
3901241,77
3901240,82
3901238,76
3901237,1948
3901236,100
3901235,103
3901234,1950
3901233,86
3901232,90
3901231,1950
3901226,83
3901219,715
3901213,76
3901205,97
3901199,1949
3901197,78
3901196,83
3901194,82
3901193,100
3901192,97
3901191,103
3901190,1948
3901189,130
3901187,90
3901186,92
3901185,104
3901183,79
3901181,104
3901180,91
3901179,130
3901177,1949
3901176,715
3901175,1948
3901174,92
3901173,715
3901172,84
3901171,1950
3901167,77
3901165,90
3901164,100
3901162,76
3901161,104
3901160,83
3901159,1948
3901158,91
3901157,79
3901156,92
3901155,87
3901154,1949
3901153,100
3901152,97
3901151,82
3901150,76
3901149,90
3901148,130
3901147,1950
3901146,77
3901145,84
3901144,103
3900608,715
3900602,77
3829518,97
3829479,1949
3829478,1950
3829519,76
3829416,1948
3829459,97
3900636,100
3900633,103
3900628,90
3900627,82
3900625,97
3900624,104
3900616,1950
3900617,100
3900609,83
3900604,78
3900605,92
3900603,84
3900606,90
3900600,82
3900598,87
3900597,100
3900599,78
3900592,79
3900595,91
3900593,103
3900590,84
3900589,86
3900588,82
3900586,100
3900584,104
3900582,90
3900583,1949
3900585,130
3900570,84
3900567,82
3900568,86
3900549,103
3900548,76
3900547,130
3900545,1948
3900546,1005821
3900544,91
3900540,100
3900539,97
3900533,715
3900538,90
3900537,84
3900536,87
3900534,1950
3900535,104
3900530,86
3900532,82
3900531,83
3900529,78
3900528,97
3900522,1949
3900523,87
3900521,130
3900518,104
3900519,84
3900511,715
3900514,1005821
3900515,100
3829512,103
3829495,100
3900491,83
3900504,104
3900506,1949
3900505,77
3829496,84
3829514,100
3829499,90
3829469,86
3829454,104
3829439,715
3829513,715
3829510,92
3829445,91
3829433,84
3829466,1948
3900639,1950
3900638,78
3900637,92
3900635,1948
3900634,104
3900632,87
3900631,1949
3900630,715
3900629,78
3900626,76
3900623,83
3900622,84
3900621,1948
3900620,130
3900619,92
3900618,87
3900615,1949
3900614,91
3900613,79
3900612,77
3900611,103
3900610,97
3900581,1948
3900580,77
3900579,715
3900578,87
3900577,1950
3900576,76
3900575,83
3900574,78
3900573,103
3900572,91
3900571,104
3900569,130
3900566,1949
3900565,1950
3900564,1005821
3900563,92
3900562,1948
3900561,78
3900560,97
3900559,103
3900558,83
3900557,78
3900556,92
3900555,87
3900554,715
3900553,104
3900552,84
3900551,77
3900550,90
3900543,77
3900542,1949
3900527,76
3900526,90
3900525,103
3900524,77
3900520,92
3900516,1950
3900513,1948
3900512,91
3900510,82
3900509,97
3900508,92
3900507,100
3900503,83
3900502,87
3900501,90
3900500,76
3900499,1948
3900498,130
3900497,1005821
3900496,715
3900495,92
3900494,87
3900493,91
3900492,103
3900490,1950
3829438,77
3829413,1950
3829428,91
3829522,84
3829521,1949
3829520,104
3829517,90
3829516,82
3829515,77
3829511,130
3829509,84
3829508,1005821
3829507,86
3829506,87
3829505,91
3829504,1948
3829503,83
3829502,1950
3829501,97
3829500,82
3829498,76
3829497,77
3829494,104
3829493,1949
3829492,77
3829491,83
3829490,130
3829489,91
3829488,1005821
3829487,1948
3829486,87
3829485,90
3829484,92
3829483,86
3829482,78
3829481,76
3829480,84
3829477,100
3829476,82
3829475,103
3829474,97
3829473,104
3829472,78
3829471,83
3829468,103
3829467,87
3829465,130
3829464,1005821
3829463,91
3829462,84
3829461,103
3829460,1005821
3829458,1950
3829457,1948
3829456,77
3829455,130
3829453,100
3829452,76
3829451,100
3829450,82
3829449,92
3829448,90
3829447,83
3829446,1005821
3829444,103
3829443,86
3829442,1948
3829441,97
3829440,104
3829437,130
3829436,87
3829435,78
3829434,1950
3829432,1005821
3829431,76
3829430,82
3829429,83
3829427,90
3829426,100
3829425,86
3829424,103
3829423,92
3829422,92
3829421,130
3829420,78
3829419,87
3829418,82
3829417,77
3829415,84
3829414,104
3904629,1171
3906390,1171
3906389,833
3904628,2426
3893806,1006261
3893801,833
3893822,751
3893814,833
3893790,965
3901832,1640
3902968,2476
3902967,751
3901797,128
3901796,2546
3902240,128
3902239,723
3893808,2546
3901833,1171
3893826,566
3901736,566
3901735,1626
3901734,2426
3901733,833
3893823,1005493
3893811,830
3893812,2637
3893813,960
3893810,2508
3893809,723
3893807,2601
3893804,128
3893788,2426
3893798,2476
3893789,1006259
3893794,1006663
3893792,1005493
3893791,2388
3893787,2546
3893834,1608
3893833,2637
3893832,723
3893831,2476
3893830,2508
3893829,2601
3893828,2388
3893827,954
3893825,1006261
3893824,1746
3893821,128
3893820,1627
3893819,2426
3893818,1626
3893817,1171
3893816,374
3893815,1640
3893805,1608
3893803,1746
3893802,566
3893800,1626
3893799,1171
3893796,751
3893795,1627
3893793,830
22949,374
22944,1638
68357,990
22933,1626
68311,721
22940,128
22945,2077
22956,721
68344,128
68345,2077
69163,1640
68346,374
69301,2077
69137,1627
69208,128
22936,744
68337,1632
22981,1627
22974,990
22924,1640
69321,128
68312,1638
22921,1632
22926,1627
22934,990
22939,1951
69202,374
22955,723
22980,1626
22984,971
68338,1951
69188,1626
69199,1638
69284,1627
69205,1632
69161,721
3889082,1009030
3888721,1009018
3888754,1933
3750248,1933
3890561,186
3890505,1008758
3890511,235
3890515,1008767
3890411,1008767
3890397,1945
3890401,237
3890396,716
3890384,230
3890385,716
3890282,1008767
3890287,1008759
3890269,1943
3890268,228
3890402,1008758
3890564,1008758
3890563,227
3890562,1009035
3890560,1008767
3890559,1008759
3890558,228
3890557,231
3890556,230
3890555,186
3890554,241
3890553,225
3890552,231
3890551,235
3890550,245
3890549,237
3890548,1008758
3890547,716
3890546,186
3890545,227
3890544,245
3890543,1943
3890542,244
3890541,225
3890540,229
3890539,230
3890538,248
3890537,241
3890536,244
3890535,1008759
3890534,716
3890533,236
3890532,228
3890531,237
3890530,225
3890529,230
3890528,236
3890527,1008767
3890526,248
3890525,1009035
3890524,227
3890523,716
3890522,229
3890521,231
3890520,240
3890519,230
3890518,241
3890517,248
3890516,245
3890514,225
3890513,1943
3890512,186
3890510,228
3890509,231
3890508,225
3890507,248
3890506,241
3890504,244
3890503,238
3890502,186
3890501,237
3890500,225
3890499,1008759
3890498,240
3890497,716
3890496,238
3890495,248
3890494,230
3890493,236
3890492,237
3890491,231
3890490,1008767
3890489,227
3890488,1009035
3890487,245
3890486,244
3890485,230
3890484,248
3890483,186
3890482,235
3890481,229
3890480,716
3890479,228
3890478,241
3890477,240
3890476,237
3890475,225
3890474,228
3890473,1943
3890472,236
3890471,248
3890470,1008759
3890469,227
3890468,230
3890467,1008758
3890466,245
3890465,186
3890464,1008767
3890463,231
3890462,1008759
3890461,236
3890460,228
3890459,244
3890458,230
3890457,229
3890456,241
3890455,245
3890454,225
3890453,1009035
3890452,1943
3890451,228
3890450,1008759
3890449,248
3890448,716
3890447,231
3890446,1008758
3890445,238
3890444,1945
3890443,235
3890442,1943
3890441,237
3890440,241
3890439,230
3890438,186
3890437,237
3890436,1009035
3890435,236
3890434,244
3890433,1008767
3890432,248
3890431,1008759
3890430,228
3890429,716
3890428,1945
3890427,248
3890426,228
3890425,245
3890424,225
3890423,1943
3890422,227
3890421,235
3890420,1008759
3890419,237
3890418,231
3890417,186
3890416,1008758
3890415,236
3890414,229
3890413,230
3890412,241
3890410,235
3890409,241
3890408,186
3890407,230
3890406,1008759
3890405,716
3890404,245
3890403,228
3890400,227
3890399,1009035
3890398,1943
3890395,229
3890394,241
3890393,186
3890392,1008758
3890391,225
3890390,244
3890389,230
3890388,229
3890387,241
3890386,235
3890383,237
3890382,236
3890381,245
3890380,229
3890379,1008759
3890378,1945
3890377,1009035
3890376,231
3890375,227
3890374,1008759
3890373,186
3890372,228
3890371,716
3890370,231
3890369,229
3890368,1008767
3890367,241
3890366,229
3890365,186
3890364,245
3890363,236
3890362,1008759
3890361,225
3890360,716
3890359,241
3890358,237
3890357,244
3890356,228
3890355,1008758
3890354,236
3890353,248
3890352,1943
3890351,1008767
3890350,230
3890349,225
3890348,716
3890347,230
3890346,186
3890345,241
3890344,244
3890343,228
3890342,1943
3890341,1008758
3890340,225
3890339,245
3890338,227
3890337,248
3890336,236
3890335,186
3890334,1008758
3890333,228
3890332,237
3890331,229
3890330,229
3890329,236
3890328,1008759
3890327,231
3890326,230
3890325,1008767
3890324,186
3890323,241
3890322,1008758
3890321,244
3890320,235
3890319,231
3890318,1943
3890317,1945
3890316,245
3890315,716
3890314,230
3890313,237
3890312,236
3890311,241
3890310,248
3890309,228
3890308,225
3890307,227
3890306,1008758
3890305,229
3890304,1008759
3890303,230
3890302,237
3890301,231
3890300,245
3890299,186
3890298,1943
3890297,716
3890296,241
3890295,225
3890294,1945
3890293,244
3890292,225
3890291,228
3890290,229
3890289,236
3890288,1008767
3890286,248
3890285,241
3890284,227
3890283,236
3890281,1945
3890280,231
3890279,245
3890278,1008758
3890277,186
3890276,231
3890275,237
3890274,1008759
3890273,716
3890272,1008758
3890271,235
3890270,229
3890267,237
3890266,716
3890265,248
3890264,225
3890263,227
3890262,186
3890261,229
3890260,244
3890259,245
