match_id,competition_id
9880,11
9912,11
9924,11
9855,11
9827,11
9799,11
9636,11
9609,11
9575,11
9928,11
9736,11
9742,11
9765,11
9661,11
9592,11
9870,11
9783,11
9700,11
9860,11
9695,11
9794,11
9717,11
9673,11
9650,11
9620,11
9837,11
9811,11
9642,11
9774,11
9602,11
9948,11
9682,11
9581,11
9726,11
9754,11
9889,11
266989,11
266357,11
267569,11
267212,11
266669,11
266892,11
267220,11
267670,11
266516,11
267039,11
266477,11
267101,11
266440,11
266033,11
267660,11
266273,11
267395,11
266874,11
266731,11
266528,11
266280,11
267432,11
267076,11
267590,11
267373,11
267077,11
266952,11
267464,11
266299,11
266191,11
265952,11
267492,11
267596,11
267058,11
69243,11
69241,11
69239,11
69257,11
69253,11
69244,11
69277,11
69229,11
69219,11
69218,11
69250,11
69242,11
69256,11
69298,11
69259,11
69224,11
69210,11
69220,11
69237,11
69226,11
69252,11
69255,11
69214,11
69262,11
69240,11
69233,11
69213,11
69238,11
69267,11
69288,11
69254,11
69292,11
69227,11
69247,11
69221,11
69276,11
69304,11
69307,11
69271,11
69305,11
69278,11
69275,11
69295,11
69270,11
69303,11
69245,11
69287,11
69296,11
69260,11
69269,11
69246,11
69302,11
69282,11
69274,11
69283,11
69280,11
69286,11
69291,11
69236,11
69234,11
69272,11
69308,11
69299,11
69300,11
69289,11
69263,11
69306,11
69248,11
69328,11
69329,11
70219,11
69331,11
69337,11
69322,11
69316,11
69332,11
69335,11
69330,11
69297,11
69325,11
69324,11
70225,11
69293,11
70223,11
69333,11
69264,11
69343,11
69340,11
69265,11
69319,11
69334,11
69327,11
69315,11
69336,11
69326,11
69268,11
69320,11
69312,11
69314,11
69318,11
69338,11
70220,11
70224,11
70221,11
69323,11
266015,11
70270,11
70281,11
70308,11
70282,11
266724,11
70272,11
70304,11
70280,11
70296,11
70297,11
266433,11
70256,11
70259,11
70260,11
70263,11
70276,11
70287,11
70284,11
70275,11
70286,11
70309,11
70300,11
70295,11
70307,11
70305,11
266827,11
267502,11
70271,11
70294,11
70262,11
70292,11
267368,11
70301,11
70298,11
70302,11
70291,11
267138,11
267520,11
70289,11
266066,11
267675,11
70288,11
266074,11
267567,11
266201,11
266274,11
70293,11
265918,11
70277,11
70283,11
70306,11
266256,11
266613,11
266491,11
265830,11
265857,11
266883,11
266603,11
265837,11
266462,11
267192,11
266420,11
267183,11
265835,11
266838,11
265963,11
266117,11
266916,11
267197,11
70264,11
70273,11
267301,11
265896,11
265866,11
267400,11
266406,11
267085,11
267561,11
266148,11
266045,11
70303,11
266240,11
267597,11
266794,11
267343,11
266631,11
266320,11
266230,11
266525,11
266560,11
266846,11
266531,11
266921,11
267499,11
266741,11
266871,11
266967,11
266929,11
266770,11
266142,11
3825848,11
3825895,11
3825894,11
3825855,11
3825908,11
3825883,11
3825900,11
3825902,11
3825876,11
3825846,11
3825869,11
3825882,11
3825849,11
3825860,11
3825847,11
3825817,11
3825778,11
3825777,11
3825740,11
3825875,11
3825884,11
3825842,11
3825890,11
3825871,11
3825896,11
3825841,11
3825843,11
3825839,11
3825838,11
3825840,11
3825837,11
3825836,11
3825835,11
3825834,11
3825906,11
3825897,11
3825889,11
3825833,11
3825857,11
3825863,11
3825829,11
3825830,11
3825832,11
3825831,11
3825828,11
3825827,11
3825826,11
3825825,11
3825824,11
3825823,11
3825905,11
3825822,11
3825821,11
3825820,11
3825819,11
3825818,11
3825887,11
3825907,11
3825903,11
3825816,11
3825815,11
3825858,11
3825813,11
3825814,11
3825812,11
3825811,11
3825807,11
3825809,11
3825810,11
3825808,11
3825804,11
3825867,11
3825805,11
3825784,11
3825782,11
3825757,11
3825641,11
3825803,11
3825800,11
3825801,11
3825799,11
3825797,11
3825798,11
3825796,11
3825795,11
3825793,11
3825792,11
3825794,11
3825788,11
3825791,11
3825790,11
3825787,11
3825789,11
3825786,11
3825781,11
3825785,11
3825783,11
3825780,11
3825779,11
3825773,11
3825776,11
3825775,11
3825769,11
3825770,11
3825768,11
3825736,11
3825731,11
3825685,11
3825678,11
3825643,11
3825642,11
3825638,11
3825614,11
3825612,11
3825607,11
3825595,11
3825579,11
3825572,11
3825774,11
3825772,11
3825771,11
3825767,11
3825706,11
3825712,11
3825708,11
3825707,11
3825705,11
3825711,11
3825703,11
3825700,11
3825701,11
3825702,11
3825704,11
3825891,11
3825699,11
3825697,11
3825698,11
3825694,11
3825693,11
3825696,11
3825695,11
3825689,11
3825690,11
3825692,11
3825691,11
3825688,11
3825687,11
3825683,11
3825686,11
3825684,11
3825681,11
3825682,11
3825680,11
3825677,11
3825675,11
3825676,11
3825674,11
3825673,11
3825671,11
3825672,11
3825670,11
3825669,11
3825668,11
3825666,11
3825665,11
3825667,11
3825664,11
3825662,11
3825888,11
3825663,11
3825659,11
3825658,11
3825660,11
3825661,11
3825656,11
3825657,11
3825652,11
3825623,11
3825626,11
3825616,11
3825608,11
3825601,11
3825899,11
3825852,11
3825647,11
3825637,11
3825628,11
3825619,11
3825618,11
3825611,11
3825609,11
3825598,11
3825584,11
3825570,11
3825562,11
3825904,11
3825901,11
3825898,11
3825893,11
3825892,11
3825886,11
3825885,11
3825881,11
3825880,11
3825879,11
3825878,11
3825877,11
3825874,11
3825873,11
3825872,11
3825870,11
3825868,11
3825866,11
3825865,11
3825864,11
3825862,11
3825861,11
3825859,11
3825856,11
3825854,11
3825853,11
3825851,11
3825850,11
3825845,11
3825844,11
3825806,11
3825802,11
3825679,11
3825655,11
3825654,11
3825653,11
3825651,11
3825650,11
3825649,11
3825648,11
3825765,11
3825766,11
3825764,11
3825760,11
3825763,11
3825761,11
3825762,11
3825759,11
3825758,11
3825756,11
3825755,11
3825754,11
3825750,11
3825752,11
3825751,11
3825753,11
3825749,11
3825747,11
3825748,11
3825745,11
3825746,11
3825743,11
3825744,11
3825742,11
3825741,11
3825739,11
3825738,11
3825737,11
3825734,11
3825733,11
3825732,11
3825735,11
3825729,11
3825728,11
3825730,11
3825727,11
3825723,11
3825726,11
3825725,11
3825724,11
3825722,11
3825716,11
3825719,11
3825720,11
3825717,11
3825721,11
3825718,11
3825715,11
3825714,11
3825713,11
3825710,11
3825709,11
3825646,11
3825645,11
3825644,11
3825640,11
3825639,11
3825636,11
3825635,11
3825634,11
3825633,11
3825632,11
3825631,11
3825630,11
3825629,11
3825627,11
3825625,11
3825624,11
3825622,11
3825621,11
3825620,11
3825617,11
3825615,11
3825613,11
3825610,11
3825606,11
3825605,11
3825604,11
3825603,11
3825602,11
3825600,11
3825599,11
3825597,11
3825596,11
3825594,11
3825593,11
3825592,11
3825591,11
3825590,11
3825589,11
3825588,11
3825587,11
3825586,11
3825585,11
3825583,11
3825582,11
3825581,11
3825580,11
3825578,11
3825577,11
3825576,11
3825575,11
3825574,11
3825573,11
3825571,11
3825569,11
3825568,11
3825567,11
3825566,11
3825565,11
3825564,11
3825563,11
266498,11
266986,11
267533,11
266310,11
267576,11
266653,11
265944,11
265894,11
265958,11
267611,11
267422,11
266236,11
267274,11
266961,11
266885,11
266815,11
267506,11
266664,11
266106,11
266670,11
266149,11
266620,11
266056,11
267327,11
266166,11
266160,11
265839,11
266424,11
266467,11
267273,11
266490,11
266254,11
266557,11
3888713,11
68314,11
68313,11
68316,11
68315,11
69153,11
68352,11
68353,11
69164,11
68324,11
68320,11
68323,11
69172,11
68339,11
68348,11
68354,11
68351,11
68317,11
68350,11
68325,11
68321,11
68319,11
68342,11
68322,11
68318,11
69176,11
69179,11
68334,11
68333,11
68336,11
68326,11
69162,11
68335,11
68332,11
68330,11
68329,11
68341,11
69165,11
69155,11
69154,11
69156,11
69159,11
69175,11
69160,11
68331,11
68328,11
68340,11
69174,11
68347,11
68327,11
69157,11
15978,11
15998,11
16029,11
16073,11
16086,11
16190,11
16109,11
16120,11
16182,11
16215,11
16173,11
16265,11
15946,11
16157,11
16136,11
16248,11
16056,11
16289,11
16079,11
16149,11
16275,11
15973,11
16317,11
16131,11
16205,11
16095,11
16306,11
16010,11
15986,11
16240,11
16023,11
16196,11
15956,11
16231,11
69151,11
69144,11
69169,11
68360,11
69186,11
69180,11
69143,11
69181,11
68365,11
69178,11
68364,11
69170,11
68359,11
68356,11
69158,11
69187,11
68363,11
69166,11
68366,11
69148,11
69184,11
69173,11
69146,11
69182,11
68358,11
68361,11
69141,11
69145,11
69225,11
69212,11
69235,11
69232,11
69216,11
69209,11
69231,11
69217,11
69273,11
69222,11
69223,11
69195,11
69251,11
69185,11
69142,11
69139,11
69189,11
69171,11
69249,11
69215,11
69138,11
69147,11
69177,11
69207,11
69228,11
69183,11
69279,11
69285,11
69211,11
69230,11
69149,11
303731,11
303532,11
303516,11
303596,11
303430,11
303725,11
303504,11
303451,11
303664,11
303682,11
303400,11
303634,11
303421,11
303493,11
303680,11
303479,11
303615,11
303696,11
303487,11
303600,11
303548,11
303652,11
303674,11
303470,11
303700,11
303707,11
303666,11
303715,11
303377,11
303524,11
303517,11
303610,11
303473,11
3773386,11
3773565,11
3773457,11
3773631,11
3773665,11
3773497,11
3773660,11
3773593,11
3773466,11
3773585,11
3773552,11
3773672,11
3773587,11
3773656,11
3773377,11
3773586,11
3773372,11
3773387,11
3773695,11
3773369,11
3773661,11
3773597,11
3773523,11
3773571,11
3773428,11
3764661,11
3773526,11
3773474,11
3773625,11
3773403,11
3773547,11
3773415,11
3764440,11
3773689,11
3773477,11
3750234,116
3879863,12
3879773,12
3879847,12
3879862,12
3879817,12
3879825,12
3879750,12
3879567,12
3879785,12
3879705,12
3879628,12
3879665,12
3879699,12
3879703,12
3879609,12
3879653,12
3879632,12
3879663,12
3879645,12
3879579,12
3879566,12
3879587,12
3879556,12
3879585,12
3879582,12
3879564,12
3879562,12
3879837,12
3879838,12
3879839,12
3879840,12
3879836,12
3879833,12
3879828,12
3879832,12
3879830,12
3879792,12
3879795,12
3879794,12
3879788,12
3879787,12
3879786,12
3879784,12
3879783,12
3879782,12
3879781,12
3879780,12
3879779,12
3879778,12
3879777,12
3879774,12
3879776,12
3879771,12
3879772,12
3879756,12
3879754,12
3879748,12
3879749,12
3879747,12
3879742,12
3879746,12
3879744,12
3879745,12
3879743,12
3879739,12
3879741,12
3879740,12
3879738,12
3879737,12
3879732,12
3879707,12
3879702,12
3879704,12
3879701,12
3879700,12
3879706,12
3878559,12
3879636,12
3879627,12
3879626,12
3879625,12
3879624,12
3879623,12
3879622,12
3879621,12
3879620,12
3878611,12
3878610,12
3878608,12
3878607,12
3878606,12
3878605,12
3879876,12
3879875,12
3879874,12
3879873,12
3879872,12
3879871,12
3879870,12
3879869,12
3879868,12
3879867,12
3879866,12
3879865,12
3879864,12
3879861,12
3879860,12
3879859,12
3879858,12
3879857,12
3879856,12
3879855,12
3879854,12
3879853,12
3879852,12
3879851,12
3879850,12
3879849,12
3879848,12
3879846,12
3879845,12
3879844,12
3879843,12
3879842,12
3879841,12
3879835,12
3879834,12
3879831,12
3879829,12
3879827,12
3879826,12
3879824,12
3879823,12
3879822,12
3879821,12
3879820,12
3879819,12
3879818,12
3879816,12
3879815,12
3879814,12
3879813,12
3879812,12
3879811,12
3879810,12
3879809,12
3879808,12
3879807,12
3879806,12
3879805,12
3879804,12
3879803,12
3879802,12
3879801,12
3879800,12
3879799,12
3879798,12
3879797,12
3879796,12
3879793,12
3879791,12
3879790,12
3879789,12
3879775,12
3879770,12
3879769,12
3879768,12
3879767,12
3879766,12
3879765,12
3879764,12
3879763,12
3879762,12
3879761,12
3879760,12
3879759,12
3879758,12
3879757,12
3879755,12
3879753,12
3879752,12
3879751,12
3879736,12
3879735,12
3879734,12
3879733,12
3879731,12
3879730,12
3879729,12
3879728,12
3879727,12
3879726,12
3879725,12
3879724,12
3879723,12
3879722,12
3879721,12
3879720,12
3879719,12
3879718,12
3879717,12
3879716,12
3879715,12
3879714,12
3879713,12
3879712,12
3879711,12
3879710,12
3879709,12
3879708,12
3879698,12
3879697,12
3879696,12
3879695,12
3879694,12
3879693,12
3879692,12
3879691,12
3879690,12
3879689,12
3879688,12
3879687,12
3879686,12
3879685,12
3879684,12
3879683,12
3879682,12
3879681,12
3879680,12
3879679,12
3879678,12
3879677,12
3879676,12
3879675,12
3879674,12
3879673,12
3879672,12
3879671,12
3879670,12
3879669,12
3879668,12
3879667,12
3879666,12
3879664,12
3879662,12
3879661,12
3879660,12
3879659,12
3879658,12
3879657,12
3879656,12
3879655,12
3879654,12
3879652,12
3879651,12
3879650,12
3879649,12
3879648,12
3879647,12
3879646,12
3879644,12
3879643,12
3879642,12
3879641,12
3879640,12
3879639,12
3879638,12
3879637,12
3879635,12
3879634,12
3879633,12
3879631,12
3879630,12
3879629,12
3879619,12
3879618,12
3879617,12
3879616,12
3879615,12
3879614,12
3879613,12
3879612,12
3879611,12
3879610,12
3879608,12
3879607,12
3879606,12
3879605,12
3879604,12
3879603,12
3879602,12
3879601,12
3879600,12
3879599,12
3879598,12
3879597,12
3879596,12
3879595,12
3879594,12
3879593,12
3879592,12
3879591,12
3879590,12
3879589,12
3879588,12
3879586,12
3879584,12
3879583,12
3879581,12
3879580,12
3879578,12
3879577,12
3879576,12
3879575,12
3879574,12
3879573,12
3879572,12
3879571,12
3879570,12
3879569,12
3879568,12
3879565,12
3879563,12
3879561,12
3879560,12
3879559,12
3879558,12
3879557,12
3879555,12
3879554,12
3879553,12
3879552,12
3879551,12
3879550,12
3879549,12
3879548,12
3879547,12
3879546,12
3879545,12
3879544,12
3879543,12
3879542,12
3879541,12
3879540,12
3879539,12
3879538,12
3879537,12
3878609,12
3878604,12
3878603,12
3878602,12
3878601,12
3878600,12
3878599,12
3878598,12
3878597,12
3878596,12
3878595,12
3878594,12
3878593,12
3878592,12
3878558,12
3878557,12
3878556,12
3878555,12
3878554,12
3878553,12
3878552,12
3878551,12
3878550,12
3878549,12
3878548,12
3878547,12
3878546,12
3878545,12
3878544,12
3878543,12
3878542,12
3878541,12
3878540,12
3889182,12
3827767,1238
3827335,1238
3827336,1238
3827338,1238
3827337,1238
3817856,1238
3817891,1238
3817870,1238
3817899,1238
3817866,1238
3817889,1238
3817887,1238
3817872,1238
3817900,1238
3817855,1238
3817863,1238
3817877,1238
3817901,1238
3817880,1238
3817902,1238
3817862,1238
3817873,1238
3817869,1238
3817881,1238
3817895,1238
3817884,1238
3817896,1238
3817852,1238
3817883,1238
3817886,1238
3817864,1238
3817882,1238
3817894,1238
3817871,1238
3817861,1238
3817888,1238
3817875,1238
3817868,1238
3817867,1238
3813313,1238
3817890,1238
3813302,1238
3817857,1238
3817898,1238
3817893,1238
3817854,1238
3817892,1238
3817859,1238
3817858,1238
3817897,1238
3817885,1238
3817878,1238
3817876,1238
3813305,1238
3813266,1238
3813271,1238
3813311,1238
3813303,1238
3813304,1238
3813306,1238
3813283,1238
3813275,1238
3813278,1238
3813295,1238
3813296,1238
3813282,1238
3813269,1238
3817879,1238
3817874,1238
3817865,1238
3817860,1238
3817853,1238
3817851,1238
3817850,1238
3817849,1238
3817848,1238
3813318,1238
3813287,1238
3813270,1238
3813307,1238
3813279,1238
3813281,1238
3813274,1238
3813285,1238
3813317,1238
3813316,1238
3813315,1238
3813314,1238
3813312,1238
3813310,1238
3813309,1238
3813308,1238
3813301,1238
3813300,1238
3813299,1238
3813298,1238
3813297,1238
3813294,1238
3813293,1238
3813292,1238
3813291,1238
3813290,1238
3813289,1238
3813288,1238
3813286,1238
3813284,1238
3813280,1238
3813277,1238
3813276,1238
3813273,1238
3813272,1238
3813268,1238
3813267,1238
3813265,1238
3813264,1238
3888787,1470
18245,16
18244,16
18235,16
18236,16
18237,16
18240,16
18241,16
18242,16
18243,16
3888711,16
3888706,16
2302764,16
3750200,16
22912,16
3750201,16
3752619,16
3750235,16
3754058,2
3754245,2
3754136,2
3754037,2
3754039,2
3754041,2
3754042,2
3754043,2
3754045,2
3754048,2
3754049,2
3754050,2
3754052,2
3754053,2
3754055,2
3754226,2
3754014,2
3754091,2
3754135,2
3754293,2
3754339,2
3754146,2
3754347,2
3754255,2
3754278,2
3753979,2
3753972,2
3753978,2
3753974,2
3753993,2
3753983,2
3754015,2
3754038,2
3754001,2
3754007,2
3754008,2
3754029,2
3753995,2
3753999,2
3754017,2
3754006,2
3754023,2
3753984,2
3754011,2
3754010,2
3754028,2
3753996,2
3754025,2
3754068,2
3754056,2
3754040,2
3754074,2
3754076,2
3754067,2
3754079,2
3754090,2
3754083,2
3754077,2
3754060,2
3754073,2
3754085,2
3754047,2
3754051,2
3754093,2
3754046,2
3754072,2
3754082,2
3754106,2
3754099,2
3754098,2
3754057,2
3754112,2
3754117,2
3754104,2
3754054,2
3754113,2
3754107,2
3754105,2
3754097,2
3754102,2
3754115,2
3754148,2
3754169,2
3754174,2
3754185,2
3754162,2
3754096,2
3754171,2
3754119,2
3754126,2
3754133,2
3754167,2
3754145,2
3754153,2
3754143,2
3754186,2
3754130,2
3754188,2
3754178,2
3754157,2
3754166,2
3754211,2
3754150,2
3754160,2
3754218,2
3754217,2
3754205,2
3754221,2
3754198,2
3754193,2
3754222,2
3754213,2
3754212,2
3754223,2
3754197,2
3754208,2
3754204,2
3754194,2
3754219,2
3754254,2
3754230,2
3754285,2
3754233,2
3754270,2
3754237,2
3754257,2
3754266,2
3754256,2
3754288,2
3754238,2
3754269,2
3754234,2
3754246,2
3754296,2
3754273,2
3754263,2
3754268,2
3754286,2
3754291,2
3754283,2
3754235,2
3754279,2
3754276,2
3754287,2
3754259,2
3754335,2
3754298,2
3754315,2
3754330,2
3754337,2
3754297,2
3754301,2
3754323,2
3754304,2
3754311,2
3754328,2
3754309,2
3754325,2
3754329,2
3754302,2
3754013,2
3754044,2
3754351,2
3754343,2
3754109,2
3754182,2
3754240,2
3754336,2
3754247,2
3754156,2
3754265,2
3754000,2
3754003,2
3754344,2
3754131,2
3754300,2
3754312,2
3754138,2
3754203,2
3754190,2
3754066,2
3754034,2
3753985,2
3753987,2
3754189,2
3754129,2
3754180,2
3754059,2
3754064,2
3754065,2
3754173,2
3754175,2
3753973,2
3753975,2
3753976,2
3753977,2
3753980,2
3753981,2
3753982,2
3753986,2
3753988,2
3753989,2
3753990,2
3753991,2
3753992,2
3753994,2
3753997,2
3753998,2
3754002,2
3754004,2
3754005,2
3754009,2
3754012,2
3754016,2
3754018,2
3754019,2
3754021,2
3754022,2
3754024,2
3754026,2
3754027,2
3754030,2
3754031,2
3754032,2
3754033,2
3754035,2
3754036,2
3754061,2
3754062,2
3754063,2
3754069,2
3754070,2
3754071,2
3754075,2
3754080,2
3754081,2
3754084,2
3754086,2
3754087,2
3754088,2
3754089,2
3754092,2
3754094,2
3754095,2
3754100,2
3754101,2
3754103,2
3754108,2
3754110,2
3754111,2
3754114,2
3754116,2
3754118,2
3754120,2
3754121,2
3754122,2
3754123,2
3754124,2
3754125,2
3754127,2
3754132,2
3754134,2
3754137,2
3754139,2
3754140,2
3754142,2
3754144,2
3754147,2
3754149,2
3754151,2
3754152,2
3754154,2
3754155,2
3754158,2
3754159,2
3754161,2
3754163,2
3754164,2
3754165,2
3754168,2
3754170,2
3754172,2
3754176,2
3754177,2
3754179,2
3754181,2
3754183,2
3754184,2
3754187,2
3754191,2
3754192,2
3754195,2
3754196,2
3754199,2
3754200,2
3754201,2
3754202,2
3754206,2
3754207,2
3754209,2
3754210,2
3754214,2
3754215,2
3754216,2
3754220,2
3754224,2
3754225,2
3754227,2
3754228,2
3754229,2
3754231,2
3754232,2
3754236,2
3754239,2
3754241,2
3754242,2
3754243,2
3754244,2
3754249,2
3754250,2
3754251,2
3754252,2
3754253,2
3754260,2
3754261,2
3754262,2
3754264,2
3754295,2
3754271,2
3754272,2
3754274,2
3754275,2
3754277,2
3754280,2
3754281,2
3754282,2
3754284,2
3754289,2
3754290,2
3754292,2
3754294,2
3754248,2
3754299,2
3754303,2
3754305,2
3754306,2
3754307,2
3754308,2
3754310,2
3754313,2
3754314,2
3754316,2
3754317,2
3754318,2
3754319,2
3754320,2
3754321,2
3754322,2
3754324,2
3754326,2
3754327,2
3754331,2
3754332,2
3754333,2
3754334,2
3754338,2
3754340,2
3754341,2
3754342,2
3754345,2
3754346,2
3754348,2
3754349,2
3754350,2
3754258,2
3754020,2
3754267,2
3754141,2
3754128,2
3754078,2
3749052,2
3749522,2
3749246,2
3749257,2
3749642,2
3749358,2
3749346,2
3749253,2
3749079,2
3749465,2
3749133,2
3749528,2
3749233,2
3749462,2
3749552,2
3749296,2
3749454,2
3749276,2
3749068,2
3749310,2
3749493,2
3749434,2
3749192,2
3749196,2
3749448,2
3749360,2
3749453,2
3749278,2
3749603,2
3749274,2
3749590,2
3749631,2
3749117,2
3749108,2
3749153,2
3749403,2
3749526,2
3749431,2
3887188,35
3750244,35
3750245,35
19770,37
19820,37
19772,37
19769,37
19746,37
7298,37
19778,37
19771,37
19736,37
19745,37
19730,37
19794,37
19766,37
19734,37
19717,37
19718,37
19810,37
19743,37
19740,37
19716,37
19800,37
19739,37
19748,37
19822,37
19785,37
19749,37
19751,37
19764,37
19773,37
19783,37
19747,37
19757,37
19742,37
19777,37
19758,37
19802,37
19803,37
19811,37
19805,37
19752,37
19775,37
19760,37
19787,37
19733,37
19765,37
19792,37
19732,37
19744,37
19799,37
19753,37
19735,37
19720,37
19719,37
19715,37
19723,37
19722,37
19727,37
19731,37
19714,37
19728,37
19726,37
19725,37
19738,37
19759,37
19750,37
19761,37
19762,37
19763,37
19768,37
19767,37
19776,37
19737,37
19790,37
19793,37
19789,37
19791,37
19795,37
19797,37
19780,37
19781,37
19779,37
19798,37
19782,37
19784,37
19786,37
19774,37
19755,37
19806,37
19807,37
19788,37
19808,37
19804,37
19813,37
19816,37
19809,37
19815,37
19817,37
19818,37
19819,37
19821,37
19801,37
19741,37
19756,37
19754,37
19724,37
19814,37
19729,37
19796,37
2275127,37
2275136,37
2275154,37
2275150,37
2275146,37
2275142,37
2275137,37
2275153,37
2275151,37
2275144,37
2275088,37
2275110,37
2275044,37
2275105,37
2275063,37
2275054,37
2275072,37
2275085,37
2275113,37
2275099,37
2275057,37
2275075,37
2275077,37
2275036,37
2275117,37
2275092,37
2275040,37
2275122,37
2275045,37
2275093,37
2275097,37
2275084,37
2275089,37
2275116,37
2275104,37
2275052,37
2275037,37
2275027,37
2275078,37
2275080,37
2275098,37
2275156,37
2275139,37
2275070,37
2275051,37
2275050,37
2275029,37
2275090,37
2275042,37
2275157,37
2275108,37
2275082,37
2275138,37
2275049,37
2275132,37
2275061,37
2275096,37
2275033,37
2275107,37
2275130,37
2275034,37
2275026,37
2275041,37
2275094,37
2275106,37
2275073,37
2275038,37
2275131,37
2275062,37
2275048,37
2275121,37
2275065,37
2275079,37
2275103,37
2275140,37
2275126,37
2275102,37
2275109,37
2275091,37
2275030,37
2275133,37
2275083,37
2275120,37
2275028,37
2275086,37
2275056,37
2275074,37
3775648,37
3775609,37
3775633,37
3775570,37
3775581,37
3775579,37
3775544,37
3775622,37
3775553,37
3775584,37
3775618,37
3775641,37
3775636,37
3775653,37
3775654,37
3775643,37
3764237,37
3775594,37
3775560,37
3775624,37
3764240,37
3764233,37
3775585,37
3775593,37
3775602,37
3775620,37
3764232,37
3775559,37
3775606,37
3775567,37
3775638,37
3775607,37
3764230,37
3764241,37
3764235,37
3764239,37
3764236,37
3764231,37
3764234,37
3775543,37
3775551,37
3775540,37
3775550,37
3775545,37
3775556,37
3775575,37
3775562,37
3775561,37
3775582,37
3775558,37
3775552,37
3775557,37
3775564,37
3775569,37
3775548,37
3775568,37
3775563,37
3775555,37
3775549,37
3775572,37
3775577,37
3775541,37
3775588,37
3775586,37
3775592,37
3775580,37
3775591,37
3775590,37
3775571,37
3775589,37
3775578,37
3775596,37
3775576,37
3775574,37
3775573,37
3775597,37
3775611,37
3775628,37
3775612,37
3775627,37
3775644,37
3775637,37
3775631,37
3775621,37
3775615,37
3775610,37
3775616,37
3775632,37
3775629,37
3775619,37
3775600,37
3775605,37
3775626,37
3775614,37
3775603,37
3775625,37
3775613,37
3775598,37
3775601,37
3775630,37
3775651,37
3775635,37
3775650,37
3775647,37
3775659,37
3775657,37
3775649,37
3775645,37
3775639,37
3775642,37
3775646,37
3775655,37
3775640,37
3775658,37
3775623,37
3775566,37
3775546,37
3775547,37
3775587,37
3775595,37
3775604,37
3775634,37
3775617,37
3775565,37
3775583,37
3775542,37
3775608,37
3775599,37
3775554,37
3775652,37
3764238,37
3857256,43
3869151,43
3857257,43
3857258,43
3857288,43
3857267,43
3869321,43
3857287,43
3869486,43
3869685,43
3857260,43
3857264,43
3857266,43
3857289,43
3857269,43
3857294,43
3869254,43
3869118,43
3869684,43
3869519,43
3869354,43
3869552,43
3869420,43
3869220,43
3869219,43
3869253,43
3869152,43
3869117,43
3857270,43
3857263,43
3857259,43
3857295,43
3857283,43
3857284,43
3857282,43
3857286,43
3857301,43
3857300,43
3857299,43
3857298,43
3857297,43
3857296,43
3857293,43
3857292,43
3857291,43
3857290,43
3857285,43
3857281,43
3857280,43
3857279,43
3857278,43
3857277,43
3857276,43
3857275,43
3857274,43
3857273,43
3857272,43
3857271,43
3857268,43
3857265,43
3857262,43
3857261,43
3857255,43
3857254,43
3888705,43
3888704,43
3888854,43
3889218,43
3889217,43
3888702,43
3888701,43
3888700,43
3888699,43
7585,43
7570,43
7586,43
7557,43
7542,43
8656,43
7554,43
7550,43
7548,43
7578,43
7553,43
7544,43
7536,43
7555,43
7546,43
7539,43
7538,43
7576,43
7565,43
7551,43
7537,43
7580,43
8650,43
7581,43
7549,43
7529,43
7534,43
7562,43
7571,43
7569,43
7568,43
7530,43
7558,43
7583,43
7547,43
7535,43
7584,43
7545,43
8649,43
8658,43
7561,43
7531,43
7582,43
7552,43
7532,43
7560,43
7533,43
7564,43
7579,43
7572,43
7577,43
7543,43
7525,43
7566,43
8651,43
7567,43
7541,43
8655,43
8657,43
7540,43
8652,43
7563,43
7556,43
7559,43
3888720,43
3888719,43
3888718,43
3888717,43
3888716,43
3750180,43
3889149,43
3889148,43
3750191,43
3793185,43
7476,49
7482,49
7494,49
7486,49
7497,49
7430,49
7444,49
7443,49
7521,49
7492,49
7524,49
7496,49
7523,49
7520,49
7493,49
7500,49
7519,49
7473,49
7522,49
7484,49
7475,49
7457,49
7445,49
7490,49
7479,49
7478,49
7456,49
7471,49
7477,49
7472,49
7474,49
7487,49
7485,49
7483,49
7451,49
7480,49
3835331,53
3835324,53
3844384,53
3847567,53
3845506,53
3835335,53
3835323,53
3835325,53
3835320,53
3845507,53
3844387,53
3844385,53
3844386,53
3835342,53
3835337,53
3835338,53
3835330,53
3835329,53
3835322,53
3835332,53
3835327,53
3835326,53
3835341,53
3835340,53
3835339,53
3835336,53
3835334,53
3835328,53
3835333,53
3835321,53
3835319,53
3795108,55
3788769,55
3788766,55
3795220,55
3788761,55
3788764,55
3788773,55
3788755,55
3788754,55
3788762,55
3788760,55
3788747,55
3788741,55
3795109,55
3795187,55
3788770,55
3795506,55
3794688,55
3794692,55
3794686,55
3794687,55
3794685,55
3788774,55
3788771,55
3788772,55
3788768,55
3788767,55
3788753,55
3788765,55
3788763,55
3788759,55
3788758,55
3788757,55
3788745,55
3795107,55
3795221,55
3794689,55
3788746,55
3794691,55
3794690,55
3788756,55
3788749,55
3788750,55
3788748,55
3788751,55
3788752,55
3788742,55
3788775,55
3788776,55
3788743,55
3788744,55
3901178,7
3901260,7
3829470,7
3901259,7
3901263,7
3900594,7
3900587,7
3900541,7
3900596,7
3900591,7
3901188,7
3901184,7
3901182,7
3901170,7
3901169,7
3901166,7
3901168,7
3900601,7
3901262,7
3901261,7
3901258,7
3901257,7
3901256,7
3901255,7
3901254,7
3901253,7
3901252,7
3901251,7
3901250,7
3901249,7
3901248,7
3901247,7
3901246,7
3901245,7
3901244,7
3901243,7
3901242,7
3901241,7
3901240,7
3901238,7
3901237,7
3901236,7
3901235,7
3901234,7
3901233,7
3901232,7
3901231,7
3901230,7
3901229,7
3901228,7
3901227,7
3901226,7
3901225,7
3901224,7
3901223,7
3901222,7
3901221,7
3901220,7
3901219,7
3901218,7
3901217,7
3901216,7
3901215,7
3901214,7
3901213,7
3901212,7
3901211,7
3901210,7
3901209,7
3901208,7
3901207,7
3901206,7
3901205,7
3901204,7
3901203,7
3901202,7
3901201,7
3901200,7
3901199,7
3901198,7
3901197,7
3901196,7
3901195,7
3901194,7
3901193,7
3901192,7
3901191,7
3901190,7
3901189,7
3901187,7
3901186,7
3901185,7
3901183,7
3901181,7
3901180,7
3901179,7
3901177,7
3901176,7
3901175,7
3901174,7
3901173,7
3901172,7
3901171,7
3901167,7
3901165,7
3901164,7
3901163,7
3901162,7
3901161,7
3901160,7
3901159,7
3901158,7
3901157,7
3901156,7
3901155,7
3901154,7
3901153,7
3901152,7
3901151,7
3901150,7
3901149,7
3901148,7
3901147,7
3901146,7
3901145,7
3901144,7
3900608,7
3900602,7
3829518,7
3829479,7
3829478,7
3829519,7
3829416,7
3829459,7
3900636,7
3900633,7
3900628,7
3900627,7
3900625,7
3900624,7
3900616,7
3900617,7
3900609,7
3900604,7
3900605,7
3900603,7
3900606,7
3900600,7
3900598,7
3900597,7
3900599,7
3900592,7
3900595,7
3900593,7
3900590,7
3900589,7
3900588,7
3900586,7
3900584,7
3900582,7
3900583,7
3900585,7
3900570,7
3900567,7
3900568,7
3900549,7
3900548,7
3900547,7
3900545,7
3900546,7
3900544,7
3900540,7
3900539,7
3900533,7
3900538,7
3900537,7
3900536,7
3900534,7
3900535,7
3900530,7
3900532,7
3900531,7
3900529,7
3900528,7
3900522,7
3900523,7
3900521,7
3900518,7
3900519,7
3900511,7
3900514,7
3900515,7
3829512,7
3829495,7
3900491,7
3900504,7
3900506,7
3900505,7
3829496,7
3829514,7
3829499,7
3829469,7
3829454,7
3829439,7
3829513,7
3829510,7
3829445,7
3829433,7
3829466,7
3900639,7
3900638,7
3900637,7
3900635,7
3900634,7
3900632,7
3900631,7
3900630,7
3900629,7
3900626,7
3900623,7
3900622,7
3900621,7
3900620,7
3900619,7
3900618,7
3900615,7
3900614,7
3900613,7
3900612,7
3900611,7
3900610,7
3900581,7
3900580,7
3900579,7
3900578,7
3900577,7
3900576,7
3900575,7
3900574,7
3900573,7
3900572,7
3900571,7
3900569,7
3900566,7
3900565,7
3900564,7
3900563,7
3900562,7
3900561,7
3900560,7
3900559,7
3900558,7
3900557,7
3900556,7
3900555,7
3900554,7
3900553,7
3900552,7
3900551,7
3900550,7
3900543,7
3900542,7
3900527,7
3900526,7
3900525,7
3900524,7
3900520,7
3900516,7
3900513,7
3900512,7
3900510,7
3900509,7
3900508,7
3900507,7
3900503,7
3900502,7
3900501,7
3900500,7
3900499,7
3900498,7
3900497,7
3900496,7
3900495,7
3900494,7
3900493,7
3900492,7
3900490,7
3829438,7
3829413,7
3829428,7
3829522,7
3829521,7
3829520,7
3829517,7
3829516,7
3829515,7
3829511,7
3829509,7
3829508,7
3829507,7
3829506,7
3829505,7
3829504,7
3829503,7
3829502,7
3829501,7
3829500,7
3829498,7
3829497,7
3829494,7
3829493,7
3829492,7
3829491,7
3829490,7
3829489,7
3829488,7
3829487,7
3829486,7
3829485,7
3829484,7
3829483,7
3829482,7
3829481,7
3829480,7
3829477,7
3829476,7
3829475,7
3829474,7
3829473,7
3829472,7
3829471,7
3829468,7
3829467,7
3829465,7
3829464,7
3829463,7
3829462,7
3829461,7
3829460,7
3829458,7
3829457,7
3829456,7
3829455,7
3829453,7
3829452,7
3829451,7
3829450,7
3829449,7
3829448,7
3829447,7
3829446,7
3829444,7
3829443,7
3829442,7
3829441,7
3829440,7
3829437,7
3829436,7
3829435,7
3829434,7
3829432,7
3829431,7
3829430,7
3829429,7
3829427,7
3829426,7
3829425,7
3829424,7
3829423,7
3829422,7
3829421,7
3829420,7
3829419,7
3829418,7
3829417,7
3829415,7
3829414,7
3904629,72
3906390,72
3906389,72
3904628,72
3893806,72
3893801,72
3893797,72
3893822,72
3893814,72
3893790,72
3901832,72
3902968,72
3902967,72
3901797,72
3901796,72
3902240,72
3902239,72
3893808,72
3901833,72
3893826,72
3901736,72
3901735,72
3901734,72
3901733,72
3893823,72
3893811,72
3893812,72
3893813,72
3893810,72
3893809,72
3893807,72
3893804,72
3893788,72
3893798,72
3893789,72
3893794,72
3893792,72
3893791,72
3893787,72
3893834,72
3893833,72
3893832,72
3893831,72
3893830,72
3893829,72
3893828,72
3893827,72
3893825,72
3893824,72
3893821,72
3893820,72
3893819,72
3893818,72
3893817,72
3893816,72
3893815,72
3893805,72
3893803,72
3893802,72
3893800,72
3893799,72
3893796,72
3893795,72
3893793,72
22949,72
22943,72
22944,72
22961,72
22964,72
68357,72
22933,72
22963,72
68311,72
22940,72
22945,72
22956,72
22966,72
68344,72
68345,72
69163,72
68346,72
68355,72
69301,72
69137,72
69208,72
22936,72
22973,72
68337,72
22981,72
22974,72
22924,72
69321,72
22983,72
68312,72
22921,72
22926,72
22930,72
22934,72
22939,72
69202,72
22942,72
22948,72
22955,72
22962,72
22980,72
22984,72
68338,72
68343,72
68362,72
69191,72
69188,72
69199,72
69258,72
69284,72
69205,72
69161,72
3889082,81
3889115,81
3888721,87
3888754,87
3750248,87
3890561,9
3890505,9
3890511,9
3890515,9
3890411,9
3890397,9
3890401,9
3890396,9
3890384,9
3890385,9
3890282,9
3890287,9
3890269,9
3890268,9
3890402,9
3890564,9
3890563,9
3890562,9
3890560,9
3890559,9
3890558,9
3890557,9
3890556,9
3890555,9
3890554,9
3890553,9
3890552,9
3890551,9
3890550,9
3890549,9
3890548,9
3890547,9
3890546,9
3890545,9
3890544,9
3890543,9
3890542,9
3890541,9
3890540,9
3890539,9
3890538,9
3890537,9
3890536,9
3890535,9
3890534,9
3890533,9
3890532,9
3890531,9
3890530,9
3890529,9
3890528,9
3890527,9
3890526,9
3890525,9
3890524,9
3890523,9
3890522,9
3890521,9
3890520,9
3890519,9
3890518,9
3890517,9
3890516,9
3890514,9
3890513,9
3890512,9
3890510,9
3890509,9
3890508,9
3890507,9
3890506,9
3890504,9
3890503,9
3890502,9
3890501,9
3890500,9
3890499,9
3890498,9
3890497,9
3890496,9
3890495,9
3890494,9
3890493,9
3890492,9
3890491,9
3890490,9
3890489,9
3890488,9
3890487,9
3890486,9
3890485,9
3890484,9
3890483,9
3890482,9
3890481,9
3890480,9
3890479,9
3890478,9
3890477,9
3890476,9
3890475,9
3890474,9
3890473,9
3890472,9
3890471,9
3890470,9
3890469,9
3890468,9
3890467,9
3890466,9
3890465,9
3890464,9
3890463,9
3890462,9
3890461,9
3890460,9
3890459,9
3890458,9
3890457,9
3890456,9
3890455,9
3890454,9
3890453,9
3890452,9
3890451,9
3890450,9
3890449,9
3890448,9
3890447,9
3890446,9
3890445,9
3890444,9
3890443,9
3890442,9
3890441,9
3890440,9
3890439,9
3890438,9
3890437,9
3890436,9
3890435,9
3890434,9
3890433,9
3890432,9
3890431,9
3890430,9
3890429,9
3890428,9
3890427,9
3890426,9
3890425,9
3890424,9
3890423,9
3890422,9
3890421,9
3890420,9
3890419,9
3890418,9
3890417,9
3890416,9
3890415,9
3890414,9
3890413,9
3890412,9
3890410,9
3890409,9
3890408,9
3890407,9
3890406,9
3890405,9
3890404,9
3890403,9
3890400,9
3890399,9
3890398,9
3890395,9
3890394,9
3890393,9
3890392,9
3890391,9
3890390,9
3890389,9
3890388,9
3890387,9
3890386,9
3890383,9
3890382,9
3890381,9
3890380,9
3890379,9
3890378,9
3890377,9
3890376,9
3890375,9
3890374,9
3890373,9
3890372,9
3890371,9
3890370,9
3890369,9
3890368,9
3890367,9
3890366,9
3890365,9
3890364,9
3890363,9
3890362,9
3890361,9
3890360,9
3890359,9
3890358,9
3890357,9
3890356,9
3890355,9
3890354,9
3890353,9
3890352,9
3890351,9
3890350,9
3890349,9
3890348,9
3890347,9
3890346,9
3890345,9
3890344,9
3890343,9
3890342,9
3890341,9
3890340,9
3890339,9
3890338,9
3890337,9
3890336,9
3890335,9
3890334,9
3890333,9
3890332,9
3890331,9
3890330,9
3890329,9
3890328,9
3890327,9
3890326,9
3890325,9
3890324,9
3890323,9
3890322,9
3890321,9
3890320,9
3890319,9
3890318,9
3890317,9
3890316,9
3890315,9
3890314,9
3890313,9
3890312,9
3890311,9
3890310,9
3890309,9
3890308,9
3890307,9
3890306,9
3890305,9
3890304,9
3890303,9
3890302,9
3890301,9
3890300,9
3890299,9
3890298,9
3890297,9
3890296,9
3890295,9
3890294,9
3890293,9
3890292,9
3890291,9
3890290,9
3890289,9
3890288,9
3890286,9
3890285,9
3890284,9
3890283,9
3890281,9
3890280,9
3890279,9
3890278,9
3890277,9
3890276,9
3890275,9
3890274,9
3890273,9
3890272,9
3890271,9
3890270,9
3890267,9
3890266,9
3890265,9
3890264,9
3890263,9
3890262,9
3890261,9
3890260,9
3890259,9
