match_id,stadium_id
9880,342
9912,4658
9924,342
9855,342
9827,357
9799,347
9636,342
9609,342
9575,342
9928,342
9736,353
9742,342
9765,352
9661,345
9592,342
9870,342
9783,351
9700,342
9860,349
9695,344
9794,342
9717,361
9673,342
9650,342
9620,343
9837,342
9811,342
9642,4654
9774,342
9602,354
9948,342
9682,355
9581,348
9726,342
9754,5043
9889,653
266989,349
266357,4650
267569,353
267212,355
266669,342
266892,345
267220,342
267670,342
266516,352
267039,357
266477,361
267101,342
266440,342
266033,344
267660,4658
266273,348
267395,342
266874,342
266731,347
266528,342
266280,342
267432,342
267076,342
267590,346
267373,342
267077,351
266952,342
267464,625
266299,342
266191,5043
265952,342
267492,342
267596,342
267058,342
69243,342
69241,342
69239,349
69257,342
69253,342
69244,361
69277,4650
69229,354
69219,4655
69218,4658
69250,342
69242,342
69256,342
69298,4454
69259,353
69224,342
69210,622
69220,4656
69237,625
69226,4657
69252,344
69255,346
69214,342
69262,342
69240,342
69233,342
69213,351
69238,342
69267,4639
69288,4637
69254,4636
69292,342
69227,4457
69247,342
69221,342
69276,342
69304,361
69307,4650
69271,342
69305,342
69278,342
69275,351
69295,342
69270,354
69303,342
69245,353
69287,342
69296,4660
69260,342
69269,625
69246,5043
69302,342
69282,342
69274,344
69283,4454
69280,4658
69286,4636
69291,349
69236,342
69234,342
69272,350
69308,342
69299,342
69300,342
69289,342
69263,4457
69306,4657
69248,4656
69328,342
69329,342
70219,4457
69331,342
69337,625
69322,4636
69316,342
69332,342
69335,346
69330,4637
69297,342
69325,4454
69324,342
70225,342
69293,342
70223,344
69333,342
69264,5043
69343,342
69340,342
69265,4656
69319,352
69334,353
69327,342
69315,354
69336,4650
69326,349
69268,342
69320,342
69312,351
69314,342
69318,4667
69338,361
70220,342
70224,4640
70221,350
69323,342
266015,622
70270,342
70281,342
70308,342
70282,344
266724,4454
70272,353
70304,4658
70280,350
70296,342
70297,342
266433,342
70256,653
70259,342
70260,342
70263,342
70276,4640
70287,5043
70284,625
70275,349
70286,342
70309,342
70300,342
70295,352
70307,342
70305,342
266827,346
267502,4637
70271,342
70294,4667
70262,4650
70292,354
267368,342
70301,342
70298,344
70302,4640
70291,342
267138,4667
267520,342
70289,361
266066,342
267675,349
70288,350
266074,342
267567,342
266201,4665
266274,342
70293,342
265918,342
70277,342
70283,342
70306,351
266256,342
266613,342
266491,342
265830,625
265857,353
266883,352
266603,622
265837,5043
266462,4650
267192,653
266420,4657
267183,342
265835,342
266838,346
265963,342
266117,342
266916,342
267197,342
70264,354
70273,342
267301,342
265896,342
265866,4653
267400,342
266406,361
267085,353
267561,4640
266148,342
266045,342
70303,342
266240,5043
267597,342
266794,4665
267343,4667
266631,625
266320,342
266230,4658
266525,342
266560,344
266846,342
266531,351
266921,342
267499,4657
266741,342
266871,345
266967,347
266929,653
266770,350
266142,349
3825848,350
3825895,357
3825894,4658
3825855,346
3825908,351
3825883,346
3825900,4656
3825902,4640
3825876,352
3825846,4658
3825869,345
3825882,625
3825849,344
3825860,350
3825847,347
3825817,354
3825778,352
3825777,350
3825740,347
3825875,361
3825884,349
3825842,350
3825890,625
3825871,357
3825896,4667
3825841,5043
3825843,346
3825839,4656
3825838,345
3825840,344
3825837,352
3825836,4640
3825835,346
3825834,625
3825906,349
3825897,347
3825889,653
3825833,354
3825857,350
3825863,4658
3825829,345
3825830,361
3825832,4656
3825831,344
3825828,351
3825827,352
3825826,4667
3825825,350
3825824,347
3825823,349
3825905,346
3825822,357
3825821,351
3825820,353
3825819,344
3825818,5043
3825887,4667
3825907,4656
3825903,352
3825816,349
3825815,350
3825858,4640
3825813,625
3825814,653
3825812,346
3825811,351
3825807,344
3825809,352
3825810,5043
3825808,4656
3825804,4658
3825867,354
3825805,361
3825784,625
3825782,4667
3825757,353
3825641,345
3825803,4667
3825800,653
3825801,349
3825799,346
3825797,345
3825798,350
3825796,357
3825795,625
3825793,344
3825792,4658
3825794,361
3825788,354
3825791,352
3825790,4656
3825787,353
3825789,5043
3825786,347
3825781,4640
3825785,346
3825783,345
3825780,351
3825779,653
3825773,347
3825776,349
3825775,5043
3825769,361
3825770,353
3825768,4656
3825736,344
3825731,357
3825685,4656
3825678,347
3825643,353
3825642,4658
3825638,625
3825614,4667
3825612,354
3825607,361
3825595,361
3825579,349
3825572,353
3825774,354
3825772,344
3825771,4658
3825767,351
3825706,653
3825712,354
3825708,350
3825707,357
3825705,347
3825711,4640
3825703,345
3825700,353
3825701,346
3825702,5043
3825704,4667
3825891,351
3825699,352
3825697,344
3825698,4658
3825694,347
3825693,625
3825696,4640
3825695,361
3825689,653
3825690,357
3825692,349
3825691,350
3825688,354
3825687,351
3825683,5043
3825686,345
3825684,361
3825681,353
3825682,4667
3825680,4658
3825677,349
3825675,4640
3825676,354
3825674,625
3825673,357
3825671,653
3825672,346
3825670,350
3825669,354
3825668,4656
3825666,352
3825665,4667
3825667,361
3825664,5043
3825662,4658
3825888,344
3825663,351
3825659,345
3825658,625
3825660,342
3825661,349
3825656,350
3825657,346
3825652,357
3825623,344
3825626,352
3825616,346
3825608,347
3825601,4640
3825899,354
3825852,357
3825647,344
3825637,342
3825628,354
3825619,350
3825618,357
3825611,4658
3825609,5043
3825598,625
3825584,4667
3825570,4667
3825562,346
3825904,347
3825901,353
3825898,653
3825893,353
3825892,4667
3825886,4640
3825885,4640
3825881,4667
3825880,4658
3825879,357
3825878,625
3825877,345
3825874,349
3825873,344
3825872,625
3825870,345
3825868,653
3825866,357
3825865,354
3825864,5043
3825862,351
3825861,5043
3825859,4667
3825856,353
3825854,4656
3825853,349
3825851,361
3825850,653
3825845,351
3825844,345
3825806,353
3825802,351
3825679,352
3825655,4640
3825654,653
3825653,347
3825651,351
3825650,352
3825649,4656
3825648,347
3825765,653
3825766,352
3825764,4667
3825760,625
3825763,4640
3825761,345
3825762,4656
3825759,346
3825758,4658
3825756,349
3825755,344
3825754,357
3825750,5043
3825752,347
3825751,354
3825753,361
3825749,350
3825747,345
3825748,625
3825745,4658
3825746,352
3825743,4640
3825744,351
3825742,4667
3825741,4656
3825739,353
3825738,357
3825737,354
3825734,5043
3825733,349
3825732,653
3825735,361
3825729,361
3825728,653
3825730,5043
3825727,347
3825723,350
3825726,349
3825725,354
3825724,353
3825722,4656
3825716,4640
3825719,345
3825720,352
3825717,4667
3825721,4658
3825718,344
3825715,346
3825714,625
3825713,361
3825710,353
3825709,349
3825646,361
3825645,354
3825644,5043
3825640,350
3825639,357
3825636,346
3825635,653
3825634,4667
3825633,4640
3825632,4656
3825631,5043
3825630,4658
3825629,361
3825627,342
3825625,353
3825624,347
3825622,345
3825621,625
3825620,4640
3825617,349
3825615,351
3825613,653
3825610,4656
3825606,353
3825605,349
3825604,344
3825603,352
3825602,345
3825600,346
3825599,351
3825597,357
3825596,4658
3825594,349
3825593,347
3825592,5043
3825591,344
3825590,353
3825589,354
3825588,4640
3825587,345
3825586,346
3825585,653
3825583,4656
3825582,352
3825581,351
3825580,350
3825578,347
3825577,354
3825576,344
3825575,357
3825574,653
3825573,5043
3825571,361
3825569,350
3825568,352
3825567,4656
3825566,4640
3825565,351
3825564,4658
3825563,625
266498,342
266986,352
267533,342
266310,4658
267576,342
266653,4640
265944,342
265894,346
265958,342
267611,342
267422,342
266236,345
267274,344
266961,342
266885,342
266815,4656
267506,4667
266664,5043
266106,361
266670,351
266149,342
266620,342
266056,347
267327,342
266166,625
266160,350
265839,342
266424,353
266467,653
267273,357
266490,342
266254,342
266557,342
3888713,353
68314,342
68313,342
68316,342
68315,342
69153,4448
68352,342
68353,4635
69164,342
68324,342
68320,361
68323,342
69172,342
68339,354
68348,4635
68354,342
68351,4457
68317,342
68350,342
68325,4454
68321,342
68319,353
68342,342
68322,4662
68318,342
69176,625
69179,4457
68334,349
68333,342
68336,4455
68326,653
69162,342
68335,342
68332,344
68330,353
68329,342
68341,4638
69165,342
69155,361
69154,342
69156,342
69159,342
69175,342
69160,5043
68331,342
68328,342
68340,4636
69174,4658
68347,4637
68327,342
69157,342
15978,5043
15998,355
16029,342
16073,4654
16086,351
16190,349
16109,342
16120,354
16182,342
16215,352
16173,345
16265,342
15946,342
16157,342
16136,342
16248,342
16056,342
16289,342
16079,342
16149,343
16275,348
15973,342
16317,347
16131,342
16205,342
16095,350
16306,342
16010,342
15986,342
16240,361
16023,344
16196,353
15956,622
16231,342
69151,350
69144,342
69169,342
68360,342
69186,52894
69180,4636
69143,342
69181,4637
68365,625
69178,354
68364,361
69170,342
68359,342
68356,4635
69158,342
69187,342
68363,622
69166,342
68366,342
69148,342
69184,342
69173,342
69146,349
69182,4457
68358,4638
68361,353
69141,342
69145,344
69225,342
69212,342
69235,346
69232,342
69216,342
69209,4636
69231,342
69217,342
69273,622
69222,342
69223,354
69195,352
69251,344
69185,625
69142,342
69139,342
69189,342
69171,349
69249,353
69215,342
69138,4656
69147,4652
69177,4657
69207,342
69228,361
69183,342
69279,342
69285,4638
69211,4635
69230,4650
69149,342
303731,342
303532,342
303516,653
303596,342
303430,342
303725,361
303504,350
303451,342
303664,5043
303682,342
303400,344
303634,342
303421,348
303493,342
303680,622
303479,342
303615,342
303696,342
303487,342
303600,342
303548,4454
303652,351
303674,349
303470,353
303700,347
303707,352
303666,4667
303715,355
303377,342
303524,4654
303517,342
303610,342
303473,342
3773386,348
3773565,4667
3773457,342
3773631,352
3773665,4650
3773497,5341
3773660,342
3773593,342
3773466,653
3773585,342
3773552,624
3773672,342
3773587,354
3773656,4654
3773377,342
3773586,342
3773372,342
3773387,350
3773695,344
3773369,342
3773661,342
3773597,5043
3773523,342
3773571,622
3773428,4662
3764661,345
3773526,342
3773474,342
3773625,349
3773403,342
3773547,342
3773415,342
3764440,342
3773689,361
3773477,342
3750234,241
3879863,4954
3879773,1001324
3879847,385
3879862,390
3879817,388
3879825,381
3879750,4954
3879567,381
3879785,381
3879705,383
3879628,388
3879665,1001324
3879699,387
3879703,381
3879609,117450
3879653,391
3879632,381
3879663,4488
3879645,380
3879579,4983
3879566,385
3879587,380
3879556,1001324
3879585,388
3879582,381
3879564,4983
3879562,388
3879837,388
3879838,387
3879839,386
3879840,380
3879836,388
3879833,391
3879828,381
3879832,4983
3879830,387
3879792,387
3879795,4488
3879794,4954
3879788,621
3879787,381
3879786,4983
3879784,387
3879783,385
3879782,1001068
3879781,4488
3879780,386
3879779,388
3879778,621
3879777,391
3879774,388
3879776,380
3879771,383
3879772,390
3879756,117450
3879754,390
3879748,4488
3879749,388
3879747,380
3879742,388
3879746,386
3879744,387
3879745,4983
3879743,385
3879739,391
3879741,4488
3879740,621
3879738,1001068
3879737,381
3879732,390
3879707,381
3879702,4488
3879704,388
3879701,391
3879700,4983
3879706,386
3878559,4954
3879636,383
3879627,390
3879626,388
3879625,385
3879624,381
3879623,386
3879622,1001068
3879621,4954
3879620,4488
3878611,4488
3878610,4954
3878608,380
3878607,381
3878606,390
3878605,1001068
3879876,387
3879875,4983
3879874,381
3879873,621
3879872,4488
3879871,385
3879870,391
3879869,388
3879868,383
3879867,117450
3879866,381
3879865,387
3879864,4488
3879861,1001324
3879860,386
3879859,1001068
3879858,380
3879857,388
3879856,387
3879855,117450
3879854,383
3879853,381
3879852,4983
3879851,388
3879850,391
3879849,621
3879848,4488
3879846,4488
3879845,381
3879844,1001068
3879843,390
3879842,4954
3879841,1001324
3879835,4488
3879834,385
3879831,383
3879829,621
3879827,117450
3879826,4488
3879824,387
3879823,4954
3879822,385
3879821,386
3879820,391
3879819,1001068
3879818,380
3879816,381
3879815,390
3879814,621
3879813,387
3879812,4983
3879811,117450
3879810,388
3879809,383
3879808,1001324
3879807,4488
3879806,380
3879805,4954
3879804,387
3879803,385
3879802,4488
3879801,388
3879800,386
3879799,381
3879798,391
3879797,1001068
3879796,117450
3879793,383
3879791,388
3879790,390
3879789,1001324
3879775,387
3879770,4954
3879769,117450
3879768,4488
3879767,381
3879766,381
3879765,386
3879764,4488
3879763,387
3879762,385
3879761,1001068
3879760,4983
3879759,391
3879758,388
3879757,621
3879755,1001324
3879753,383
3879752,387
3879751,381
3879736,381
3879735,4954
3879734,388
3879733,1001324
3879731,117450
3879730,4488
3879729,383
3879728,380
3879727,387
3879726,391
3879725,1001324
3879724,386
3879723,388
3879722,4488
3879721,4983
3879720,381
3879719,387
3879718,621
3879717,383
3879716,387
3879715,390
3879714,117450
3879713,4488
3879712,388
3879711,385
3879710,380
3879709,1001068
3879708,4954
3879698,621
3879697,1001324
3879696,383
3879695,387
3879694,380
3879693,385
3879692,4488
3879691,381
3879690,388
3879689,1001068
3879688,4954
3879687,390
3879686,117450
3879685,4954
3879684,387
3879683,4488
3879682,390
3879681,388
3879680,380
3879679,1001324
3879678,1001068
3879677,386
3879676,381
3879675,381
3879674,388
3879673,385
3879672,4488
3879671,4983
3879670,391
3879669,117450
3879668,621
3879667,383
3879666,387
3879664,387
3879662,386
3879661,4954
3879660,1001068
3879659,388
3879658,390
3879657,381
3879656,380
3879655,381
3879654,4488
3879652,388
3879651,117450
3879650,621
3879649,4983
3879648,385
3879647,387
3879646,386
3879644,4954
3879643,387
3879642,1001068
3879641,4488
3879640,1001324
3879639,390
3879638,388
3879637,381
3879635,117450
3879634,387
3879633,621
3879631,4488
3879630,4983
3879629,1001324
3879619,387
3879618,391
3879617,380
3879616,387
3879615,383
3879614,390
3879613,621
3879612,1001324
3879611,4983
3879610,381
3879608,4488
3879607,388
3879606,4488
3879605,4983
3879604,387
3879603,385
3879602,386
3879601,380
3879600,1001068
3879599,381
3879598,388
3879597,391
3879596,387
3879595,4488
3879594,388
3879593,117450
3879592,381
3879591,383
3879590,390
3879589,1001324
3879588,4954
3879586,387
3879584,385
3879583,386
3879581,4488
3879580,391
3879578,1001068
3879577,621
3879576,1001324
3879575,4488
3879574,388
3879573,383
3879572,117450
3879571,4954
3879570,387
3879569,380
3879568,390
3879565,387
3879563,621
3879561,386
3879560,381
3879559,391
3879558,1001068
3879557,4488
3879555,4954
3879554,390
3879553,383
3879552,380
3879551,4488
3879550,388
3879549,387
3879548,117450
3879547,381
3879546,621
3879545,387
3879544,4983
3879543,391
3879542,388
3879541,386
3879540,4488
3879539,1001068
3879538,381
3879537,385
3878609,387
3878604,117450
3878603,385
3878602,388
3878601,387
3878600,388
3878599,383
3878598,4983
3878597,621
3878596,4488
3878595,381
3878594,391
3878593,1001324
3878592,386
3878558,117450
3878557,385
3878556,390
3878555,381
3878554,387
3878553,4488
3878552,1001068
3878551,388
3878550,380
3878549,621
3878548,391
3878547,1001324
3878546,383
3878545,387
3878544,4983
3878543,388
3878542,386
3878541,4488
3878540,381
3889182,390
3827767,1000400
3827335,1000401
3827336,5810
3827338,5810
3827337,1000400
3817856,1000400
3817891,1000401
3817870,5810
3817899,5810
3817866,1000401
3817889,1000400
3817887,1000400
3817872,5810
3817900,1000401
3817855,1000401
3817863,5810
3817877,1000400
3817901,5810
3817880,1000401
3817902,1000401
3817862,1000400
3817873,1000400
3817869,5810
3817881,5810
3817895,1000401
3817884,5810
3817896,1000401
3817852,1000400
3817883,5810
3817886,1000401
3817864,1000400
3817882,1000401
3817894,5810
3817871,1000400
3817861,1000401
3817888,1000400
3817875,5810
3817868,5810
3817867,1000400
3813313,1000400
3817890,5810
3813302,5810
3817857,5810
3817898,5810
3817893,1000401
3817854,1000400
3817892,1000401
3817859,1000400
3817858,1000401
3817897,5810
3817885,1000400
3817878,1000401
3817876,1000400
3813305,1000401
3813266,5810
3813271,1000401
3813311,5810
3813303,1000400
3813304,5810
3813306,1000400
3813283,1000401
3813275,1000401
3813278,1000401
3813295,5810
3813296,1000400
3813282,1000400
3813269,1000401
3817879,1000400
3817874,5810
3817865,1000400
3817860,1000401
3817853,5810
3817851,1000401
3817850,5810
3817849,1000400
3817848,5810
3813318,1000400
3813287,5810
3813270,1000400
3813307,5810
3813279,1000401
3813281,1000400
3813274,5810
3813285,5810
3813317,1000401
3813316,1000400
3813315,5810
3813314,1000400
3813312,1000400
3813310,1000401
3813309,5810
3813308,1000401
3813301,1000401
3813300,1000401
3813299,5810
3813298,1000401
3813297,5810
3813294,1000400
3813293,5810
3813292,5810
3813291,1000401
3813290,5810
3813289,1000401
3813288,5810
3813286,1000400
3813284,1000400
3813280,1000401
3813277,1000400
3813276,1000400
3813273,1000401
3813272,5810
3813268,5810
3813267,1000401
3813265,1000401
3813264,1000400
3888787,1000767
18245,4222
18244,113891
18235,353
18236,4666
18237,4867
18240,4666
18241,611
18242,367
18243,388
3888711,4666
3888706,4080
2302764,5666
3750200,1454
22912,4654
3750201,381
3752619,370
3750235,398
3754058,20
3754245,33
3754136,4674
3754037,12
3754039,37
3754041,3
3754042,33
3754043,99148
3754045,20
3754048,37
3754049,20
3754050,210
3754052,33
3754053,211
3754055,6
3754226,210
3754014,29
3754091,29
3754135,29
3754293,29
3754339,29
3754146,29
3754347,2
3754255,6
3754278,71
3753979,37
3753972,45
3753978,4591
3753974,4674
3753993,210
3753983,45
3754015,2
3754038,220
3754001,4674
3754007,29
3754008,2
3754029,99148
3753995,10
3753999,4589
3754017,211
3754006,33
3754023,71
3753984,6
3754011,4591
3754010,4674
3754028,4715
3753996,10
3754025,10
3754068,211
3754056,12
3754040,6
3754074,45
3754076,210
3754067,37
3754079,4715
3754090,4674
3754083,10
3754077,4715
3754060,12
3754073,10
3754085,45
3754047,6
3754051,4589
3754093,99148
3754046,12
3754072,210
3754082,12
3754106,20
3754099,37
3754098,10
3754057,99148
3754112,4674
3754117,211
3754104,220
3754054,4715
3754113,4591
3754107,211
3754105,33
3754097,2
3754102,4674
3754115,10
3754148,210
3754169,71
3754174,20
3754185,4589
3754162,71
3754096,115324
3754171,3
3754119,210
3754126,3
3754133,220
3754167,4715
3754145,33
3754153,29
3754143,4674
3754186,20
3754130,220
3754188,4591
3754178,211
3754157,71
3754166,12
3754211,4674
3754150,210
3754160,3
3754218,37
3754217,10
3754205,4674
3754221,45
3754198,99148
3754193,4715
3754222,99148
3754213,4589
3754212,6
3754223,37
3754197,99148
3754208,4715
3754204,211
3754194,115324
3754219,33
3754254,2
3754230,6
3754285,211
3754233,12
3754270,99148
3754237,20
3754257,37
3754266,4589
3754256,12
3754288,115324
3754238,71
3754269,45
3754234,71
3754246,4715
3754296,3
3754273,4589
3754263,20
3754268,99148
3754286,4589
3754291,4589
3754283,12
3754235,115324
3754279,45
3754276,99148
3754287,10
3754259,45
3754335,220
3754298,45
3754315,220
3754330,211
3754337,4591
3754297,2
3754301,33
3754323,115324
3754304,37
3754311,220
3754328,4715
3754309,4591
3754325,33
3754329,115324
3754302,4591
3754013,20
3754044,2
3754351,6
3754343,6
3754109,99148
3754182,220
3754240,3
3754336,12
3754247,4591
3754156,20
3754265,3
3754000,210
3754003,2
3754344,45
3754131,115324
3754300,12
3754312,37
3754138,220
3754203,115324
3754190,37
3754066,4715
3754034,4591
3753985,29
3753987,20
3754189,4589
3754129,3
3754180,210
3754059,33
3754064,4591
3754065,99148
3754173,3
3754175,210
3753973,10
3753975,210
3753976,3
3753977,4589
3753980,12
3753981,211
3753982,20
3753986,6
3753988,71
3753989,210
3753990,210
3753991,6
3753992,99148
3753994,4591
3753997,115324
3753998,115324
3754002,20
3754004,71
3754005,29
3754009,3
3754012,4591
3754016,4591
3754018,45
3754019,2
3754021,71
3754022,37
3754024,4674
3754026,37
3754027,99148
3754030,4589
3754031,210
3754032,29
3754033,20
3754035,4715
3754036,210
3754061,10
3754062,10
3754063,4589
3754069,3
3754070,211
3754071,45
3754075,211
3754080,99148
3754081,33
3754084,33
3754086,115324
3754087,6
3754088,4674
3754089,37
3754092,10
3754094,2
3754095,210
3754100,4674
3754101,220
3754103,4589
3754108,210
3754110,115324
3754111,3
3754114,37
3754116,45
3754118,3
3754120,4591
3754121,4589
3754122,33
3754123,12
3754124,4715
3754125,10
3754127,29
3754132,29
3754134,115324
3754137,12
3754139,45
3754140,12
3754142,4715
3754144,71
3754147,4715
3754149,45
3754151,45
3754152,210
3754154,6
3754155,33
3754158,115324
3754159,2
3754161,45
3754163,12
3754164,4591
3754165,2
3754168,4591
3754170,4674
3754172,220
3754176,115324
3754177,4674
3754179,37
3754181,37
3754183,4591
3754184,3
3754187,29
3754191,4591
3754192,33
3754195,33
3754196,29
3754199,29
3754200,2
3754201,3
3754202,29
3754206,4674
3754207,220
3754209,99148
3754210,220
3754214,211
3754215,33
3754216,71
3754220,37
3754224,45
3754225,71
3754227,20
3754228,20
3754229,10
3754231,20
3754232,2
3754236,33
3754239,2
3754241,115324
3754242,71
3754243,220
3754244,220
3754249,4715
3754250,211
3754251,115324
3754252,12
3754253,71
3754260,4715
3754261,3
3754262,211
3754264,10
3754295,2
3754271,4589
3754272,29
3754274,71
3754275,20
3754277,12
3754280,220
3754281,10
3754282,211
3754284,3
3754289,4589
3754290,4715
3754292,4674
3754294,6
3754248,71
3754299,2
3754303,45
3754305,6
3754306,211
3754307,4715
3754308,4589
3754310,2
3754313,220
3754314,4715
3754316,6
3754317,220
3754318,99148
3754319,2
3754320,4591
3754321,29
3754322,10
3754324,99148
3754326,37
3754327,211
3754331,115324
3754332,99148
3754333,4674
3754334,71
3754338,4674
3754340,33
3754341,20
3754342,6
3754345,6
3754346,4589
3754348,220
3754349,115324
3754350,12
3754258,211
3754020,6
3754267,4589
3754141,3
3754128,71
3754078,10
3749052,217
3749522,1000243
3749246,1000243
3749257,1000243
3749642,1000243
3749358,214
3749346,213
3749253,6
3749079,1000243
3749465,22
3749133,211
3749528,1000243
3749233,1000243
3749462,1000243
3749552,2
3749296,1000243
3749454,4715
3749276,10
3749068,99148
3749310,4591
3749493,1000243
3749434,4500
3749192,1000243
3749196,1000243
3749448,1000243
3749360,1000243
3749453,1000243
3749278,4843
3749603,4844
3749153,1000243
3749403,1000243
3749526,31
3749431,4674
3887188,117450
3750244,117450
3750245,117450
19770,99
19820,577
19772,132
19769,4494
19746,111
7298,99
19778,99
19771,5332
19736,132
19745,4494
19730,132
19794,132
19766,456
19734,111
19717,456
19718,5332
19810,579
19743,5332
19740,4062
19716,577
19800,456
19739,4494
19748,132
19822,4847
19785,456
19749,456
19751,4062
19764,4847
19773,111
19783,132
19747,99
19757,4055
19742,4847
19777,4847
19758,4847
19802,4847
19803,4062
19811,456
19805,132
19752,579
19775,577
19760,132
19787,5332
19733,5332
19765,579
19792,4055
19732,579
19744,4055
19799,579
19753,577
19735,99
19720,4055
19719,4062
19715,4494
19723,111
19722,4847
19727,577
19731,4062
19714,132
19728,99
19726,111
19725,4494
19738,4055
19759,111
19750,4847
19761,4055
19762,4494
19763,5332
19768,4062
19767,577
19776,4494
19737,579
19790,99
19793,579
19789,132
19791,577
19795,223
19797,456
19780,579
19781,4062
19779,4055
19798,99
19782,5332
19784,4494
19786,4062
19774,111
19755,99
19806,4055
19807,99
19788,4847
19808,111
19804,5332
19813,4062
19816,4842
19809,223
19815,203
19817,111
19818,99
19819,4062
19821,456
19801,577
19741,456
19756,111
19754,579
19724,456
19814,4055
19729,4055
19796,4494
2275127,577
2275136,4715
2275154,132
2275150,4062
2275146,4979
2275142,4979
2275137,4979
2275153,577
2275151,4494
2275144,4989
2275088,4055
2275110,5332
2275044,456
2275105,99
2275063,132
2275054,4494
2275072,132
2275085,122
2275113,4062
2275099,579
2275057,132
2275075,577
2275077,122
2275036,4054
2275117,111
2275092,5332
2275040,4494
2275122,223
2275045,579
2275093,5332
2275097,99
2275084,4062
2275089,456
2275116,99
2275104,456
2275052,4494
2275037,99
2275027,4494
2275078,99
2275080,132
2275098,4494
2275156,4979
2275139,122
2275070,579
2275051,111
2275050,577
2275029,4055
2275090,456
2275042,99
2275157,4979
2275108,4055
2275082,600
2275138,4979
2275049,4062
2275132,10
2275061,32
2275096,456
2275033,4055
2275107,577
2275130,132
2275034,122
2275026,4055
2275041,111
2275094,4062
2275106,99
2275073,122
2275038,577
2275131,111
2275062,69635
2275048,4
2275121,456
2275065,203
2275079,456
2275103,579
2275140,4979
2275126,111
2275102,4494
2275109,5332
2275091,122
2275030,4494
2275133,4062
2275083,5332
2275120,5332
2275028,99
2275086,577
2275056,6
2275074,132
3775648,72
3775609,456
3775633,72
3775570,4494
3775581,132
3775579,223
3775544,211
3775622,4979
3775553,5332
3775584,456
3775618,223
3775641,211
3775636,5492
3775653,117794
3775654,5332
3775643,116891
3764237,5332
3775594,4979
3775560,456
3775624,4979
3764240,5492
3764233,456
3775585,4494
3775593,132
3775602,116891
3775620,4989
3764232,4979
3775559,456
3775606,223
3775567,132
3775638,4494
3775607,32
3764230,122
3764241,99
3764235,132
3764239,4989
3764236,223
3764231,4494
3764234,211
3775543,4494
3775551,4979
3775540,72
3775550,4989
3775545,99
3775556,4494
3775575,72
3775562,4979
3775561,116891
3775582,4989
3775558,223
3775552,122
3775557,456
3775564,99
3775569,5492
3775548,132
3775568,5332
3775563,4979
3775555,122
3775549,5332
3775572,5332
3775577,4989
3775541,4979
3775588,122
3775586,456
3775592,122
3775580,4494
3775591,116891
3775590,4989
3775571,72
3775589,223
3775578,223
3775596,5492
3775576,99
3775574,99
3775573,116891
3775597,456
3775611,132
3775628,2
3775612,5332
3775627,456
3775644,122
3775637,5492
3775631,5492
3775621,223
3775615,122
3775610,4979
3775616,5492
3775632,4989
3775629,117474
3775619,4494
3775600,456
3775605,132
3775626,99
3775614,5492
3775603,4494
3775625,99
3775613,600
3775598,223
3775601,5492
3775630,117794
3775651,99
3775635,116891
3775650,132
3775647,5332
3775659,223
3775657,456
3775649,223
3775645,132
3775639,99
3775642,72
3775646,72
3775655,116891
3775640,4979
3775658,99
3775623,116891
3775566,72
3775546,122
3775547,117794
3775587,4989
3775595,5492
3775604,122
3775634,4989
3775617,4494
3775565,132
3775583,99
3775542,4989
3775608,116891
3775599,116891
3775554,4989
3775652,132
3764238,116891
3857256,1001115
3869151,1000793
3857257,117897
3857258,1001114
3857288,117897
3857267,1000253
3869321,1001114
3857287,94425
3869486,1000838
3869685,1001114
3857260,1001114
3857264,1001115
3857266,1001115
3857289,1001114
3857269,1001115
3857294,1001113
3869254,1001114
3869118,1001113
3869684,1000253
3869519,1001114
3869354,1001113
3869552,1001113
3869420,94425
3869220,94425
3869219,117897
3869253,1001115
3869152,1000838
3869117,1000253
3857270,1001114
3857263,1001113
3857259,117897
3857295,1000793
3857283,1000838
3857284,1000253
3857282,1000793
3857286,1001113
3857301,1000838
3857300,1001114
3857299,94425
3857298,1001115
3857297,94425
3857296,1000793
3857293,117897
3857292,1001113
3857291,1000838
3857290,117897
3857285,1000838
3857281,1000253
3857280,1001114
3857279,117897
3857278,1000838
3857277,1001113
3857276,1000838
3857275,94425
3857274,1000253
3857273,1000793
3857272,1001113
3857271,1000253
3857268,1000793
3857265,1001115
3857262,94425
3857261,1000793
3857255,1000253
3857254,94425
3888705,4233
3888704,4233
3888854,83666
3889218,4828
3889217,4828
3888702,4820
3888701,4828
3888700,4828
3888699,4828
7585,4130
7570,4260
7586,4726
7557,4259
7542,255
8656,255
7554,4263
7550,4260
7548,4726
7578,4261
7553,256
7544,256
7536,249
7555,4258
7546,4261
7539,4130
7538,4263
7576,249
7565,4130
7551,249
7537,4257
7580,4258
8650,4258
7581,4263
7549,4257
7529,4260
7534,255
7562,249
7571,118023
7569,4259
7568,4263
7530,4258
7558,118023
7583,118023
7547,118023
7535,118023
7584,256
7545,4263
8649,4263
8658,255
7561,256
7531,4130
7582,255
7552,4130
7532,4259
7560,4260
7533,256
7564,4726
7579,249
7572,4257
7577,4726
7543,4258
7525,255
7566,4261
8651,118023
7567,4258
7541,4259
8655,4726
8657,4726
7540,4726
8652,249
7563,255
7556,4261
7559,4257
3888720,4228
3888719,373
3888718,115972
3888717,115972
3888716,373
3750180,379
3889149,4820
3889148,4820
3750191,4820
3793185,98351
7476,243
7482,239
7494,4721
7486,241
7497,4283
7430,242
7444,239
7443,241
7521,243
7492,4725
7524,4721
7496,4679
7523,244
7520,242
7493,244
7500,4725
7519,241
7473,4679
7522,4721
7484,243
7475,239
7457,4725
7445,4679
7490,243
7479,4725
7478,244
7456,243
7471,4725
7477,241
7472,244
7474,4283
7487,4679
7485,4283
7483,4679
7451,239
7480,244
3835331,216
3835324,216
3844384,203
3847567,4666
3845506,216
3835335,4591
3835323,4979
3835325,67
3835320,4591
3845507,25
3844387,67
3844385,116926
3844386,4979
3835342,67
3835337,116926
3835338,25
3835330,116926
3835329,25
3835322,116926
3835332,4979
3835327,203
3835326,99
3835341,99
3835340,4979
3835339,216
3835336,203
3835334,99
3835328,4591
3835333,67
3835321,25
3835319,2
3795108,4726
3788769,495
3788766,381
3795220,4666
3788761,4726
3788764,4867
3788773,116551
3788755,4549
3788754,381
3788762,117374
3788760,52986
3788747,4365
3788741,381
3795109,4549
3795187,381
3788770,4815
3795506,4666
3794688,4666
3794692,52986
3794686,495
3794687,117374
3794685,4666
3788774,4867
3788771,52986
3788772,4666
3788768,4726
3788767,4365
3788753,4726
3788765,4549
3788763,116551
3788759,4666
3788758,4365
3788757,495
3788745,4666
3795107,4867
3795221,4666
3794689,4815
3788746,4815
3794691,4365
3794690,116551
3788756,4815
3788749,4726
3788750,117374
3788748,52986
3788751,4867
3788752,116551
3788742,495
3788775,117374
3788776,4726
3788743,4726
3788744,4549
3901178,204
3901260,204
3829470,4810
3901259,176
3900594,161
3900587,4810
3900541,29068
3900596,185
3900591,154
3901188,4810
3901184,656
3901182,161
3901169,656
3901166,154
3901168,157
3900601,208
3901262,4827
3901261,154
3901258,185
3901257,4810
3901256,4175
3901255,153
3901254,232
3901253,4812
3901252,193
3901251,656
3901250,162
3901249,165
3901248,157
3901247,208
3901246,161
3901245,4812
3901244,542
3901243,29068
3901242,153
3901241,4827
3901240,204
3901238,4175
3901237,4810
3901236,161
3901235,193
3901234,232
3901233,154
3901232,157
3901230,208
3901229,185
3901228,4810
3901227,656
3901226,165
3901225,542
3901224,162
3901223,4175
3901222,161
3901221,166
3901220,29068
3901219,204
3901218,4812
3901217,176
3901216,154
3901215,208
3901214,193
3901213,162
3901212,157
3901211,656
3901210,4810
3901209,153
3901208,185
3901207,232
3901206,542
3901205,4827
3901204,165
3901203,161
3901202,204
3901201,29068
3901200,542
3901199,166
3901198,176
3901197,185
3901196,154
3901195,208
3901194,4175
3901193,154
3901192,4812
3901191,162
3901190,4827
3901189,157
3901187,153
3901186,193
3901185,232
3901183,176
3901180,185
3901179,208
3901177,29068
3901176,542
3901175,165
3901174,4175
3901173,208
3901172,29068
3901171,193
3901167,29068
3901165,4812
3901164,153
3901163,162
3901162,4827
3901161,4810
3901160,161
3901159,193
3901158,542
3901157,232
3901156,185
3901155,165
3901154,176
3901153,162
3901152,4827
3901151,157
3901150,656
3901149,4175
3901148,204
3901147,542
3901146,154
3901145,153
3901144,4812
3900608,4827
3900602,204
3829518,157
3829479,204
3829478,208
3829519,154
3829416,162
3829459,162
3900636,161
3900633,208
3900628,157
3900627,4812
3900625,4175
3900624,153
3900616,193
3900617,232
3900609,4812
3900604,153
3900605,29068
3900603,542
3900606,176
3900600,656
3900598,4175
3900597,193
3900599,232
3900592,165
3900595,162
3900593,157
3900590,166
3900589,4827
3900588,204
3900586,185
3900584,29068
3900582,208
3900583,176
3900585,542
3900570,154
3900567,4812
3900568,208
3900549,4810
3900548,4812
3900547,656
3900545,170
3900546,208
3900544,542
3900540,162
3900539,166
3900533,4175
3900538,185
3900537,176
3900536,165
3900534,29068
3900535,157
3900530,161
3900532,153
3900531,204
3900529,4810
3900528,4812
3900522,542
3900523,232
3900521,154
3900518,4827
3900519,166
3900511,204
3900514,185
3900515,4175
3829512,170
3829495,170
3900491,4810
3900504,165
3900506,232
3900505,4827
3829496,153
3829514,153
3829499,4827
3829469,4175
3829454,170
3829439,542
3829513,4827
3829510,166
3829445,153
3829433,165
3829466,153
3900639,4810
3900638,193
3900637,162
3900635,232
3900634,154
3900632,185
3900631,165
3900630,166
3900629,656
3900626,208
3900623,204
3900622,29068
3900621,542
3900620,4827
3900619,166
3900618,154
3900615,161
3900614,157
3900613,162
3900612,185
3900611,4175
3900610,165
3900581,4812
3900580,162
3900579,161
3900578,157
3900577,656
3900576,165
3900575,232
3900574,193
3900573,153
3900572,4175
3900571,166
3900569,4810
3900566,29068
3900565,204
3900564,176
3900563,185
3900562,4827
3900561,542
3900560,162
3900559,656
3900558,4175
3900557,154
3900556,153
3900555,161
3900554,176
3900553,232
3900552,165
3900551,157
3900550,166
3900543,232
3900542,4827
3900527,656
3900526,153
3900525,161
3900524,208
3900520,170
3900516,4810
3900513,176
3900512,165
3900510,162
3900509,170
3900508,4812
3900507,656
3900503,157
3900502,204
3900501,154
3900500,153
3900499,161
3900498,4175
3900497,162
3900496,542
3900495,29068
3900494,208
3900493,176
3900492,185
3900490,166
3829438,162
3829413,157
3829428,4827
3829522,162
3829521,4812
3829520,232
3829517,208
3829516,204
3829515,165
3829511,4812
3829509,656
3829508,232
3829507,542
3829506,185
3829505,4810
3829504,29068
3829503,161
3829502,4175
3829501,4175
3829500,154
3829498,204
3829497,176
3829494,208
3829493,157
3829492,157
3829491,656
3829490,4810
3829489,165
3829488,185
3829487,4827
3829486,29068
3829485,166
3829484,4812
3829483,161
3829482,232
3829481,165
3829480,176
3829477,542
3829476,170
3829475,162
3829474,153
3829473,154
3829472,656
3829471,4812
3829468,185
3829467,4827
3829465,232
3829464,29068
3829463,166
3829462,208
3829461,656
3829460,161
3829458,542
3829457,165
3829456,204
3829455,176
3829453,154
3829452,4812
3829451,4810
3829450,4175
3829449,166
3829448,232
3829447,157
3829446,176
3829444,4827
3829443,185
3829442,157
3829441,656
3829440,204
3829437,208
3829436,161
3829435,170
3829434,29068
3829432,154
3829431,204
3829430,232
3829427,176
3829426,185
3829425,153
3829424,4810
3829423,4175
3829422,170
3829421,542
3829420,4812
3829419,165
3829418,161
3829417,176
3829415,29068
3829414,656
3904629,117593
3906390,117593
3906389,28884
3904628,28892
3893806,28892
3893801,28889
3893797,1001341
3893822,98115
3893814,98115
3893790,28886
3901832,28886
3902968,28884
3902967,117593
3901797,28886
3901796,1001126
3902240,98115
3902239,28892
3893808,98115
3901833,28889
3893826,28892
3901736,1000938
3901735,28884
3901734,98115
3901733,28892
3893823,1001342
3893811,1001126
3893812,1001341
3893813,28889
3893810,1001342
3893809,28884
3893807,28891
3893804,1001342
3893788,117593
3893798,1001126
3893789,1001341
3893794,28884
3893792,28892
3893791,98115
3893787,28892
3893834,28891
3893833,28884
3893832,28886
3893831,98115
3893830,1001342
3893829,1001126
3893828,28889
3893827,1001341
3893825,28891
3893824,28884
3893821,28886
3893820,28892
3893819,28889
3893818,1001126
3893817,1001341
3893816,28891
3893815,28884
3893805,1001341
3893803,98115
3893802,1001126
3893800,28892
3893799,28886
3893796,98115
3893795,28891
3893793,1001342
22949,231
22943,232
22944,166
22961,166
22964,231
68357,162
22933,231
22963,232
68311,455
22940,154
22945,455
22956,154
22966,455
68344,232
68345,230
69163,154
68346,165
68355,455
69301,162
69137,230
69208,166
22936,162
22973,162
68337,162
22981,232
22974,154
22924,232
69321,193
22983,230
68312,231
22921,154
22926,166
22930,230
22934,455
22939,165
69202,154
22942,230
22948,162
22955,165
22962,230
22980,166
22984,165
68338,154
68343,166
68362,231
69191,165
69188,166
69199,230
69258,193
69284,193
69205,231
69161,232
3889082,4745
3889115,4784
3888721,4457
3888754,353
3750248,353
3890561,4541
3890505,4867
3890511,367
3890515,379
3890411,367
3890397,4541
3890401,373
3890396,4849
3890384,373
3890385,370
3890282,374
3890287,4867
3890269,379
3890268,367
3890402,366
3890564,366
3890563,377
3890562,373
3890560,548
3890559,4867
3890558,374
3890557,4729
3890556,4849
3890555,367
3890554,363
3890553,116458
3890552,369
3890551,379
3890550,372
3890549,370
3890548,551
3890547,378
3890546,4729
3890545,374
3890544,4541
3890543,378
3890542,373
3890541,4867
3890540,377
3890539,548
3890538,366
3890537,116458
3890536,372
3890535,4849
3890534,370
3890533,367
3890532,551
3890531,363
3890530,369
3890529,379
3890528,373
3890527,374
3890526,4867
3890525,548
3890524,4541
3890523,4729
3890522,366
3890521,377
3890520,378
3890519,363
3890518,370
3890517,551
3890516,369
3890514,4729
3890513,4849
3890512,116458
3890510,372
3890509,4541
3890508,551
3890507,373
3890506,548
3890504,378
3890503,374
3890502,377
3890501,366
3890500,369
3890499,379
3890498,4849
3890497,116458
3890496,367
3890495,363
3890494,4729
3890493,370
3890492,377
3890491,373
3890490,378
3890489,4867
3890488,372
3890487,548
3890486,4541
3890485,551
3890484,367
3890483,379
3890482,374
3890481,373
3890480,363
3890479,116458
3890478,4729
3890477,366
3890476,369
3890475,4849
3890474,4867
3890473,370
3890472,377
3890471,372
3890470,367
3890469,4541
3890468,548
3890467,551
3890466,378
3890465,116458
3890464,373
3890463,374
3890462,366
3890461,379
3890460,369
3890459,4729
3890458,4849
3890457,363
3890456,377
3890455,370
3890454,378
3890453,4867
3890452,4541
3890451,367
3890450,372
3890449,551
3890448,116458
3890447,379
3890446,366
3890445,4849
3890444,548
3890443,4729
3890442,373
3890441,369
3890440,363
3890439,374
3890438,379
3890437,4541
3890436,551
3890435,367
3890434,378
3890433,116458
3890432,370
3890431,377
3890430,372
3890429,4849
3890428,4867
3890427,377
3890426,366
3890425,4729
3890424,548
3890423,369
3890422,373
3890421,374
3890420,116458
3890419,370
3890418,378
3890417,372
3890416,551
3890415,4541
3890414,367
3890413,363
3890412,379
3890410,372
3890409,551
3890408,369
3890407,378
3890406,363
3890405,116458
3890404,379
3890403,370
3890400,4729
3890399,4867
3890398,548
3890395,377
3890394,374
3890393,116458
3890392,369
3890391,363
3890390,367
3890389,551
3890388,4849
3890387,372
3890386,379
3890383,366
3890382,377
3890381,374
3890380,378
3890379,4729
3890378,4867
3890377,4541
3890376,548
3890375,367
3890374,551
3890373,372
3890372,369
3890371,363
3890370,116458
3890369,370
3890368,4849
3890367,379
3890366,366
3890365,373
3890364,4867
3890363,372
3890362,4541
3890361,374
3890360,548
3890359,377
3890358,378
3890357,369
3890356,379
3890355,370
3890354,366
3890353,4729
3890352,363
3890351,367
3890350,4849
3890349,116458
3890348,372
3890347,373
3890346,377
3890345,378
3890344,374
3890343,551
3890342,548
3890341,4867
3890340,4541
3890339,363
3890338,369
3890337,379
3890336,370
3890335,4849
3890334,116458
3890333,366
3890332,4729
3890331,374
3890330,377
3890329,4867
3890328,370
3890327,4541
3890326,551
3890325,378
3890324,367
3890323,372
3890322,548
3890321,373
3890320,116458
3890319,4849
3890318,369
3890317,379
3890316,374
3890315,4729
3890314,366
3890313,363
3890312,377
3890311,370
3890310,4541
3890309,378
3890308,372
3890307,548
3890306,367
3890305,4867
3890304,551
3890303,369
3890302,366
3890301,373
3890300,4729
3890299,363
3890298,4849
3890297,379
3890296,548
3890295,374
3890294,4541
3890293,370
3890292,378
3890291,551
3890290,367
3890289,116458
3890288,377
3890286,372
3890285,4729
3890284,373
3890283,548
3890281,366
3890280,363
3890279,369
3890278,4867
3890277,4849
3890276,372
3890275,551
3890274,363
3890273,378
3890272,116458
3890271,370
3890270,4541
3890267,4849
3890266,369
3890265,366
3890264,4729
3890263,374
3890262,548
3890261,373
3890260,377
3890259,4867
