match_id,home_team_id
9880,217
9912,219
9924,217
9855,217
9827,208
9799,322
9636,217
9609,217
9575,217
9928,217
9736,220
9742,217
9765,218
9661,215
9592,217
9870,217
9783,214
9700,217
9860,213
9695,207
9794,217
9717,222
9673,217
9650,217
9620,211
9837,217
9811,217
9642,212
9774,217
9602,216
9948,217
9682,205
9581,206
9726,217
9754,210
9889,209
266989,213
266357,422
267569,220
267212,205
266669,217
266892,215
267220,217
267670,217
266516,218
267039,208
266477,222
267101,217
266440,217
266033,207
267660,219
266273,206
267395,217
266874,217
266731,322
266528,217
266280,217
267432,217
267076,217
267590,223
267373,217
267077,214
266952,217
267464,212
266299,217
266191,210
265952,217
267492,217
267596,217
267058,217
69243,217
69241,217
69239,213
69257,217
69253,217
69244,222
69277,422
69229,216
69219,627
69218,219
69250,217
69242,217
69256,217
69298,1043
69259,220
69224,217
69210,901
69220,1041
69237,212
69226,403
69252,207
69255,223
69214,217
69262,217
69240,217
69233,217
69213,214
69238,217
69267,1219
69288,215
69254,1217
69292,217
69227,395
69247,217
69221,217
69276,217
69304,222
69307,422
69271,217
69305,217
69278,217
69275,214
69295,217
69270,216
69303,217
69245,220
69287,217
69296,1218
69260,217
69269,212
69246,210
69302,217
69282,217
69274,207
69283,1043
69280,219
69286,1217
69291,213
69236,217
69234,217
69272,221
69308,217
69299,217
69300,217
69289,217
69263,395
69306,403
69248,1041
69328,217
69329,217
70219,395
69331,217
69337,212
69322,1217
69316,217
69332,217
69335,223
69330,215
69297,217
69325,1043
69324,217
70225,217
69293,217
70223,207
69333,217
69264,210
69343,217
69340,217
69265,1041
69319,218
69334,220
69327,217
69315,216
69336,422
69326,213
69268,217
69320,217
69312,214
69314,217
69318,1049
69338,222
70220,217
70224,360
70221,221
69323,217
266015,901
70270,217
70281,217
70308,217
70282,207
266724,1043
70272,220
70304,219
70280,221
70296,217
70297,217
266433,217
70256,209
70259,217
70260,217
70263,217
70276,360
70287,210
70284,212
70275,213
70286,217
70309,217
70300,217
70295,218
70307,217
70305,217
266827,223
267502,215
70271,217
70294,1049
70262,422
70292,216
267368,217
70301,217
70298,207
70302,360
70291,217
267138,1049
267520,217
70289,222
266066,217
267675,213
70288,221
266074,217
267567,217
266201,1042
266274,217
70293,217
265918,217
70277,217
70283,217
70306,214
266256,217
266613,217
266491,217
265830,212
265857,220
266883,218
266603,901
265837,210
266462,422
267192,209
266420,403
267183,217
265835,217
266838,223
265963,217
266117,217
266916,217
267197,217
70264,216
70273,217
267301,217
265896,217
265866,373
267400,217
266406,222
267085,220
267561,360
266148,217
266045,217
70303,217
266240,210
267597,217
266794,1042
267343,1049
266631,212
266320,217
266230,219
266525,217
266560,207
266846,217
266531,214
266921,217
267499,403
266741,217
266871,215
266967,322
266929,209
266770,221
266142,213
3825848,221
3825895,208
3825894,219
3825855,223
3825908,214
3825883,223
3825900,1041
3825902,360
3825876,218
3825846,219
3825869,215
3825882,212
3825849,207
3825860,221
3825847,322
3825817,216
3825778,218
3825777,221
3825740,322
3825875,222
3825884,213
3825842,221
3825890,212
3825871,208
3825896,1049
3825841,210
3825843,223
3825839,1041
3825838,215
3825840,207
3825837,218
3825836,360
3825835,223
3825834,212
3825906,213
3825897,322
3825889,209
3825833,216
3825857,221
3825863,219
3825829,215
3825830,222
3825832,1041
3825831,207
3825828,214
3825827,218
3825826,1049
3825825,221
3825824,322
3825823,213
3825905,223
3825822,208
3825821,214
3825820,220
3825819,207
3825818,210
3825887,1049
3825907,1041
3825903,218
3825816,213
3825815,221
3825858,360
3825813,212
3825814,209
3825812,223
3825811,214
3825807,207
3825809,218
3825810,210
3825808,1041
3825804,219
3825867,216
3825805,222
3825784,212
3825782,1049
3825757,220
3825641,215
3825803,1049
3825800,209
3825801,213
3825799,223
3825797,215
3825798,221
3825796,208
3825795,212
3825793,207
3825792,219
3825794,222
3825788,216
3825791,218
3825790,1041
3825787,220
3825789,210
3825786,322
3825781,360
3825785,223
3825783,215
3825780,214
3825779,209
3825773,322
3825776,213
3825775,210
3825769,222
3825770,220
3825768,1041
3825736,207
3825731,208
3825685,1041
3825678,322
3825643,220
3825642,219
3825638,212
3825614,1049
3825612,216
3825607,222
3825595,222
3825579,213
3825572,220
3825774,216
3825772,207
3825771,219
3825767,214
3825706,209
3825712,216
3825708,221
3825707,208
3825705,322
3825711,360
3825703,215
3825700,220
3825701,223
3825702,210
3825704,1049
3825891,214
3825699,218
3825697,207
3825698,219
3825694,322
3825693,212
3825696,360
3825695,222
3825689,209
3825690,208
3825692,213
3825691,221
3825688,216
3825687,214
3825683,210
3825686,215
3825684,222
3825681,220
3825682,1049
3825680,219
3825677,213
3825675,360
3825676,216
3825674,212
3825673,208
3825671,209
3825672,223
3825670,221
3825669,216
3825668,1041
3825666,218
3825665,1049
3825667,222
3825664,210
3825662,219
3825888,207
3825663,214
3825659,215
3825658,212
3825660,217
3825661,213
3825656,221
3825657,223
3825652,208
3825623,207
3825626,218
3825616,223
3825608,322
3825601,360
3825899,216
3825852,208
3825647,207
3825637,217
3825628,216
3825619,221
3825618,208
3825611,219
3825609,210
3825598,212
3825584,1049
3825570,1049
3825562,223
3825904,322
3825901,220
3825898,209
3825893,220
3825892,1049
3825886,360
3825885,360
3825881,1049
3825880,219
3825879,208
3825878,212
3825877,215
3825874,213
3825873,207
3825872,212
3825870,215
3825868,209
3825866,208
3825865,216
3825864,210
3825862,214
3825861,210
3825859,1049
3825856,220
3825854,1041
3825853,213
3825851,222
3825850,209
3825845,214
3825844,215
3825806,220
3825802,214
3825679,218
3825655,360
3825654,209
3825653,322
3825651,214
3825650,218
3825649,1041
3825648,322
3825765,209
3825766,218
3825764,1049
3825760,212
3825763,360
3825761,215
3825762,1041
3825759,223
3825758,219
3825756,213
3825755,207
3825754,208
3825750,210
3825752,322
3825751,216
3825753,222
3825749,221
3825747,215
3825748,212
3825745,219
3825746,218
3825743,360
3825744,214
3825742,1049
3825741,1041
3825739,220
3825738,208
3825737,216
3825734,210
3825733,213
3825732,209
3825735,222
3825729,222
3825728,209
3825730,210
3825727,322
3825723,221
3825726,213
3825725,216
3825724,220
3825722,1041
3825716,360
3825719,215
3825720,218
3825717,1049
3825721,219
3825718,207
3825715,223
3825714,212
3825713,222
3825710,220
3825709,213
3825646,222
3825645,216
3825644,210
3825640,221
3825639,208
3825636,223
3825635,209
3825634,1049
3825633,360
3825632,1041
3825631,210
3825630,219
3825629,222
3825627,217
3825625,220
3825624,322
3825622,215
3825621,212
3825620,360
3825617,213
3825615,214
3825613,209
3825610,1041
3825606,220
3825605,213
3825604,207
3825603,218
3825602,215
3825600,223
3825599,214
3825597,208
3825596,219
3825594,213
3825593,322
3825592,210
3825591,207
3825590,220
3825589,216
3825588,360
3825587,215
3825586,223
3825585,209
3825583,1041
3825582,218
3825581,214
3825580,221
3825578,322
3825577,216
3825576,207
3825575,208
3825574,209
3825573,210
3825571,222
3825569,221
3825568,218
3825567,1041
3825566,360
3825565,214
3825564,219
3825563,212
266498,217
266986,218
267533,217
266310,219
267576,217
266653,360
265944,217
265894,223
265958,217
267611,217
267422,217
266236,215
267274,207
266961,217
266885,217
266815,1041
267506,1049
266664,210
266106,222
266670,214
266149,217
266620,217
266056,322
267327,217
266166,212
266160,221
265839,217
266424,220
266467,209
267273,208
266490,217
266254,217
266557,217
3888713,220
68314,217
68313,217
68316,217
68315,217
69153,608
68352,217
68353,214
69164,217
68324,217
68320,222
68323,217
69172,217
68339,216
68348,214
68354,217
68351,395
68317,217
68350,217
68325,1043
68321,217
68319,220
68342,217
68322,552
68318,217
69176,212
69179,395
68334,213
68333,217
68336,1036
68326,209
69162,217
68335,217
68332,207
68330,220
68329,217
68341,1220
69165,217
69155,222
69154,217
69156,217
69159,217
69175,217
69160,210
68331,217
68328,217
68340,1217
69174,219
68347,215
68327,217
69157,217
15978,210
15998,205
16029,217
16073,212
16086,214
16190,213
16109,217
16120,216
16182,217
16215,218
16173,215
16265,217
15946,217
16157,217
16136,217
16248,217
16056,217
16289,217
16079,217
16149,211
16275,206
15973,217
16317,322
16131,217
16205,217
16095,221
16306,217
16010,217
15986,217
16240,222
16023,207
16196,220
15956,901
16231,217
69151,221
69144,217
69169,217
68360,217
69186,1230
69180,1217
69143,217
69181,215
68365,212
69178,216
68364,222
69170,217
68359,217
68356,214
69158,217
69187,217
68363,901
69166,217
68366,217
69148,217
69184,217
69173,217
69146,213
69182,395
68358,1220
68361,220
69141,217
69145,207
69225,217
69212,217
69235,223
69232,217
69216,217
69209,1217
69231,217
69217,217
69273,901
69222,217
69223,216
69195,218
69251,207
69185,212
69142,217
69139,217
69189,217
69171,213
69249,220
69215,217
69138,1041
69147,444
69177,403
69207,217
69228,222
69183,217
69279,217
69285,1220
69211,214
69230,422
69149,217
303731,217
303532,217
303516,209
303596,217
303430,217
303725,222
303504,221
303451,217
303664,210
303682,217
303400,207
303634,217
303421,206
303493,217
303680,901
303479,217
303615,217
303696,217
303487,217
303600,217
303548,1043
303652,214
303674,213
303470,220
303700,322
303707,218
303666,1049
303715,205
303377,217
303524,212
303517,217
303610,217
303473,217
3773386,206
3773565,1049
3773457,217
3773631,218
3773665,422
3773497,220
3773660,217
3773593,217
3773466,209
3773585,217
3773552,902
3773672,217
3773587,216
3773656,212
3773377,217
3773586,217
3773372,217
3773387,221
3773695,207
3773369,217
3773661,217
3773597,210
3773523,217
3773571,901
3773428,552
3764661,215
3773526,217
3773474,217
3773625,213
3773403,217
3773547,217
3773415,217
3764440,217
3773689,222
3773477,217
3750234,2735
3879863,228
3879773,291
3879847,230
3879862,241
3879817,238
3879825,236
3879750,228
3879567,229
3879785,236
3879705,232
3879628,243
3879665,291
3879699,234
3879703,236
3879609,227
3879653,224
3879632,229
3879663,226
3879645,240
3879579,2256
3879566,230
3879587,240
3879556,291
3879585,243
3879582,236
3879564,2256
3879562,243
3879837,238
3879838,234
3879839,239
3879840,240
3879836,243
3879833,224
3879828,229
3879832,2256
3879830,233
3879792,234
3879795,226
3879794,228
3879788,290
3879787,229
3879786,2256
3879784,233
3879783,230
3879782,1683
3879781,231
3879780,239
3879779,238
3879778,290
3879777,224
3879774,238
3879776,240
3879771,232
3879772,241
3879756,227
3879754,241
3879748,226
3879749,238
3879747,240
3879742,243
3879746,239
3879744,234
3879745,2256
3879743,230
3879739,224
3879741,231
3879740,290
3879738,1683
3879737,236
3879732,241
3879707,229
3879702,226
3879704,238
3879701,224
3879700,2256
3879706,239
3878559,228
3879636,232
3879627,241
3879626,238
3879625,230
3879624,236
3879623,239
3879622,1683
3879621,228
3879620,226
3878611,231
3878610,228
3878608,240
3878607,229
3878606,241
3878605,1683
3879876,233
3879875,2256
3879874,236
3879873,290
3879872,231
3879871,230
3879870,224
3879869,243
3879868,232
3879867,227
3879866,229
3879865,234
3879864,226
3879861,291
3879860,239
3879859,1683
3879858,240
3879857,238
3879856,233
3879855,227
3879854,232
3879853,236
3879852,2256
3879851,243
3879850,224
3879849,290
3879848,231
3879846,226
3879845,229
3879844,1683
3879843,241
3879842,228
3879841,291
3879835,231
3879834,230
3879831,232
3879829,290
3879827,227
3879826,226
3879824,234
3879823,228
3879822,230
3879821,239
3879820,224
3879819,1683
3879818,240
3879816,229
3879815,241
3879814,290
3879813,234
3879812,2256
3879811,227
3879810,243
3879809,232
3879808,291
3879807,231
3879806,240
3879805,228
3879804,233
3879803,230
3879802,231
3879801,238
3879800,239
3879799,236
3879798,224
3879797,1683
3879796,227
3879793,232
3879791,243
3879790,241
3879789,291
3879775,233
3879770,228
3879769,227
3879768,226
3879767,229
3879766,236
3879765,239
3879764,231
3879763,234
3879762,230
3879761,1683
3879760,2256
3879759,224
3879758,243
3879757,290
3879755,291
3879753,232
3879752,233
3879751,229
3879736,229
3879735,228
3879734,243
3879733,291
3879731,227
3879730,226
3879729,232
3879728,240
3879727,233
3879726,224
3879725,291
3879724,239
3879723,238
3879722,226
3879721,2256
3879720,236
3879719,234
3879718,290
3879717,232
3879716,233
3879715,241
3879714,227
3879713,231
3879712,243
3879711,230
3879710,240
3879709,1683
3879708,228
3879698,290
3879697,291
3879696,232
3879695,233
3879694,240
3879693,230
3879692,231
3879691,229
3879690,243
3879689,1683
3879688,228
3879687,241
3879686,227
3879685,228
3879684,234
3879683,226
3879682,241
3879681,238
3879680,240
3879679,291
3879678,1683
3879677,239
3879676,229
3879675,236
3879674,243
3879673,230
3879672,231
3879671,2256
3879670,224
3879669,227
3879668,290
3879667,232
3879666,233
3879664,234
3879662,239
3879661,228
3879660,1683
3879659,238
3879658,241
3879657,229
3879656,240
3879655,236
3879654,231
3879652,243
3879651,227
3879650,290
3879649,2256
3879648,230
3879647,233
3879646,239
3879644,228
3879643,234
3879642,1683
3879641,226
3879640,291
3879639,241
3879638,238
3879637,236
3879635,227
3879634,233
3879633,290
3879631,231
3879630,2256
3879629,291
3879619,233
3879618,224
3879617,240
3879616,234
3879615,232
3879614,241
3879613,290
3879612,291
3879611,2256
3879610,229
3879608,226
3879607,243
3879606,231
3879605,2256
3879604,233
3879603,230
3879602,239
3879601,240
3879600,1683
3879599,236
3879598,238
3879597,224
3879596,234
3879595,226
3879594,243
3879593,227
3879592,229
3879591,232
3879590,241
3879589,291
3879588,228
3879586,234
3879584,230
3879583,239
3879581,231
3879580,224
3879578,1683
3879577,290
3879576,291
3879575,226
3879574,238
3879573,232
3879572,227
3879571,228
3879570,233
3879569,240
3879568,241
3879565,234
3879563,290
3879561,239
3879560,236
3879559,224
3879558,1683
3879557,231
3879555,228
3879554,241
3879553,232
3879552,240
3879551,226
3879550,238
3879549,233
3879548,227
3879547,229
3879546,290
3879545,234
3879544,2256
3879543,224
3879542,238
3879541,239
3879540,231
3879539,1683
3879538,236
3879537,230
3878609,233
3878604,227
3878603,230
3878602,243
3878601,234
3878600,238
3878599,232
3878598,2256
3878597,290
3878596,226
3878595,236
3878594,224
3878593,291
3878592,239
3878558,227
3878557,230
3878556,241
3878555,229
3878554,233
3878553,231
3878552,1683
3878551,243
3878550,240
3878549,290
3878548,224
3878547,291
3878546,232
3878545,234
3878544,2256
3878543,238
3878542,239
3878541,226
3878540,236
3889182,224
3827767,7289
3827335,7283
3827336,7282
3827338,7289
3827337,2021
3817856,7282
3817891,7286
3817870,7288
3817899,2021
3817866,7283
3817889,7290
3817887,7289
3817872,7284
3817900,7290
3817855,7283
3817863,7289
3817877,7285
3817901,2021
3817880,7291
3817902,7283
3817862,7287
3817873,7282
3817869,7284
3817881,2021
3817895,7290
3817884,7289
3817896,7286
3817852,7290
3817883,7284
3817886,7283
3817864,7287
3817882,7286
3817894,7288
3817871,7285
3817861,7283
3817888,7282
3817875,2021
3817868,7284
3817867,7287
3813313,7282
3817890,7288
3813302,2021
3817857,7289
3817898,7288
3817893,7286
3817854,7282
3817892,7291
3817859,7285
3817858,7283
3817897,7289
3817885,7287
3817878,7286
3817876,7290
3813305,7283
3813266,7288
3813271,7283
3813311,2021
3813303,7282
3813304,7289
3813306,7285
3813283,7290
3813275,7283
3813278,7290
3813295,7289
3813296,7285
3813282,7287
3813269,7291
3817879,7290
3817874,7284
3817865,7285
3817860,7291
3817853,7288
3817851,7291
3817850,2021
3817849,7287
3817848,7288
3813318,7285
3813287,7284
3813270,7287
3813307,2021
3813279,7290
3813281,7282
3813274,7284
3813285,7288
3813317,7291
3813316,7285
3813315,7288
3813314,7282
3813312,7282
3813310,7286
3813309,7289
3813308,7291
3813301,7291
3813300,7283
3813299,7289
3813298,7286
3813297,7284
3813294,7285
3813293,7284
3813292,7284
3813291,7286
3813290,7289
3813289,7291
3813288,2021
3813286,7287
3813284,7287
3813280,7290
3813277,7287
3813276,7285
3813273,7291
3813272,7288
3813268,2021
3813267,7286
3813265,7286
3813264,7282
3888787,9763
18245,220
18244,224
18235,169
18236,217
18237,169
18240,180
18241,220
18242,224
18243,220
3888711,806
3888706,806
2302764,243
3750200,243
22912,38
3750201,217
3752619,129
3750235,806
3754058,22
3754245,27
3754136,37
3754037,29
3754039,31
3754041,1
3754042,27
3754043,38
3754045,22
3754048,31
3754049,22
3754050,41
3754052,27
3754053,59
3754055,24
3754226,41
3754014,30
3754091,30
3754135,30
3754293,30
3754339,30
3754146,30
3754347,39
3754255,24
3754278,28
3753979,31
3753972,26
3753978,25
3753974,37
3753993,41
3753983,26
3754015,39
3754038,56
3754001,37
3754007,30
3754008,39
3754029,38
3753995,33
3753999,23
3754017,59
3754006,27
3754023,28
3753984,24
3754011,25
3754010,37
3754028,36
3753996,33
3754025,33
3754068,59
3754056,29
3754040,24
3754074,26
3754076,41
3754067,31
3754079,36
3754090,37
3754083,33
3754077,36
3754060,29
3754073,33
3754085,26
3754047,24
3754051,23
3754093,38
3754046,29
3754072,41
3754082,29
3754106,22
3754099,31
3754098,33
3754057,38
3754112,37
3754117,59
3754104,56
3754054,36
3754113,25
3754107,59
3754105,27
3754097,39
3754102,37
3754115,33
3754148,41
3754169,28
3754174,22
3754185,23
3754162,28
3754096,40
3754171,1
3754119,41
3754126,1
3754133,56
3754167,36
3754145,27
3754153,30
3754143,37
3754186,22
3754130,56
3754188,25
3754178,59
3754157,28
3754166,29
3754211,37
3754150,41
3754160,1
3754218,31
3754217,33
3754205,37
3754221,26
3754198,38
3754193,36
3754222,38
3754213,23
3754212,24
3754223,31
3754197,38
3754208,36
3754204,59
3754194,40
3754219,27
3754254,39
3754230,24
3754285,59
3754233,29
3754270,38
3754237,22
3754257,31
3754266,23
3754256,29
3754288,40
3754238,28
3754269,26
3754234,28
3754246,36
3754296,1
3754273,23
3754263,22
3754268,38
3754286,23
3754291,23
3754283,29
3754235,40
3754279,26
3754276,38
3754287,33
3754259,26
3754335,56
3754298,26
3754315,56
3754330,59
3754337,25
3754297,39
3754301,27
3754323,40
3754304,31
3754311,56
3754328,36
3754309,25
3754325,27
3754329,40
3754302,25
3754013,22
3754044,39
3754351,24
3754343,24
3754109,38
3754182,56
3754240,1
3754336,29
3754247,25
3754156,22
3754265,1
3754000,41
3754003,39
3754344,26
3754131,40
3754300,29
3754312,31
3754138,56
3754203,40
3754190,31
3754066,36
3754034,25
3753985,30
3753987,22
3754189,23
3754129,1
3754180,41
3754059,27
3754064,25
3754065,38
3754173,1
3754175,41
3753973,33
3753975,41
3753976,1
3753977,23
3753980,29
3753981,59
3753982,22
3753986,24
3753988,28
3753989,41
3753990,41
3753991,24
3753992,38
3753994,25
3753997,40
3753998,40
3754002,22
3754004,28
3754005,30
3754009,1
3754012,25
3754016,25
3754018,26
3754019,39
3754021,28
3754022,31
3754024,37
3754026,31
3754027,38
3754030,23
3754031,41
3754032,30
3754033,22
3754035,36
3754036,41
3754061,33
3754062,33
3754063,23
3754069,1
3754070,59
3754071,26
3754075,59
3754080,38
3754081,27
3754084,27
3754086,40
3754087,24
3754088,37
3754089,31
3754092,33
3754094,39
3754095,41
3754100,37
3754101,56
3754103,23
3754108,41
3754110,40
3754111,1
3754114,31
3754116,26
3754118,1
3754120,25
3754121,23
3754122,27
3754123,29
3754124,36
3754125,33
3754127,30
3754132,30
3754134,40
3754137,29
3754139,26
3754140,29
3754142,36
3754144,28
3754147,36
3754149,26
3754151,26
3754152,41
3754154,24
3754155,27
3754158,40
3754159,39
3754161,26
3754163,29
3754164,25
3754165,39
3754168,25
3754170,37
3754172,56
3754176,40
3754177,37
3754179,31
3754181,31
3754183,25
3754184,1
3754187,30
3754191,25
3754192,27
3754195,27
3754196,30
3754199,30
3754200,39
3754201,1
3754202,30
3754206,37
3754207,56
3754209,38
3754210,56
3754214,59
3754215,27
3754216,28
3754220,31
3754224,26
3754225,28
3754227,22
3754228,22
3754229,33
3754231,22
3754232,39
3754236,27
3754239,39
3754241,40
3754242,28
3754243,56
3754244,56
3754249,36
3754250,59
3754251,40
3754252,29
3754253,28
3754260,36
3754261,1
3754262,59
3754264,33
3754295,39
3754271,23
3754272,30
3754274,28
3754275,22
3754277,29
3754280,56
3754281,33
3754282,59
3754284,1
3754289,23
3754290,36
3754292,37
3754294,24
3754248,28
3754299,39
3754303,26
3754305,24
3754306,59
3754307,36
3754308,23
3754310,39
3754313,56
3754314,36
3754316,24
3754317,56
3754318,38
3754319,39
3754320,25
3754321,30
3754322,33
3754324,38
3754326,31
3754327,59
3754331,40
3754332,38
3754333,37
3754334,28
3754338,37
3754340,27
3754341,22
3754342,24
3754345,24
3754346,23
3754348,56
3754349,40
3754350,29
3754258,59
3754020,24
3754267,23
3754141,1
3754128,28
3754078,33
3749052,46
3749522,1
3749246,1
3749257,1
3749642,1
3749358,47
3749346,101
3749253,24
3749079,1
3749465,98
3749133,59
3749528,1
3749233,1
3749462,1
3749552,39
3749296,1
3749454,36
3749276,33
3749068,38
3749310,25
3749493,1
3749434,54
3749192,1
3749196,1
3749448,1
3749360,1
3749453,1
3749278,328
3749603,55
3749274,105
3749590,22
3749631,1
3749117,29
3749108,1
3749153,1
3749403,1
3749526,75
3749431,37
3887188,227
3750244,227
3750245,227
19770,746
19820,974
19772,971
19769,965
19746,967
7298,746
19778,746
19771,969
19736,971
19745,965
19730,971
19794,971
19766,968
19734,967
19717,968
19718,969
19810,966
19743,969
19740,972
19716,974
19800,968
19739,965
19748,971
19822,970
19785,968
19749,968
19751,972
19764,970
19773,967
19783,971
19747,746
19757,973
19742,970
19777,970
19758,970
19802,970
19803,972
19811,968
19805,971
19752,966
19775,974
19760,971
19787,969
19733,969
19765,966
19792,973
19732,966
19744,973
19799,966
19753,974
19735,746
19720,973
19719,972
19715,965
19723,967
19722,970
19727,974
19731,972
19714,971
19728,746
19726,967
19725,965
19738,973
19759,967
19750,970
19761,973
19762,965
19763,969
19768,972
19767,974
19776,965
19737,966
19790,746
19793,966
19789,971
19791,974
19795,974
19797,968
19780,966
19781,972
19779,973
19798,746
19782,969
19784,965
19786,972
19774,967
19755,746
19806,973
19807,746
19788,970
19808,967
19804,969
19813,972
19816,969
19809,974
19815,965
19817,967
19818,746
19819,972
19821,968
19801,974
19741,968
19756,967
19754,966
19724,968
19814,973
19729,973
19796,965
2275127,974
2275136,746
2275154,971
2275150,972
2275146,1475
2275142,1475
2275137,1475
2275153,974
2275151,965
2275144,967
2275088,973
2275110,969
2275044,968
2275105,746
2275063,971
2275054,965
2275072,971
2275085,749
2275113,972
2275099,966
2275057,971
2275075,974
2275077,749
2275036,967
2275117,967
2275092,969
2275040,965
2275122,974
2275045,966
2275093,969
2275097,746
2275084,972
2275089,968
2275116,746
2275104,968
2275052,965
2275037,746
2275027,965
2275078,746
2275080,971
2275098,965
2275156,1475
2275139,749
2275070,966
2275051,967
2275050,974
2275029,973
2275090,968
2275042,746
2275157,1475
2275108,973
2275082,749
2275138,1475
2275049,972
2275132,971
2275061,973
2275096,968
2275033,973
2275107,974
2275130,971
2275034,749
2275026,973
2275041,967
2275094,972
2275106,746
2275073,749
2275038,974
2275131,967
2275062,966
2275048,972
2275121,968
2275065,965
2275079,968
2275103,966
2275140,1475
2275126,967
2275102,965
2275109,969
2275091,749
2275030,965
2275133,972
2275083,969
2275120,969
2275028,746
2275086,974
2275056,966
2275074,971
3775648,2647
3775609,968
3775633,2647
3775570,965
3775581,971
3775579,974
3775544,2647
3775622,1475
3775553,969
3775584,968
3775618,974
3775641,2647
3775636,973
3775653,969
3775654,969
3775643,972
3764237,969
3775594,1475
3775560,968
3775624,1475
3764240,973
3764233,968
3775585,965
3775593,971
3775602,972
3775620,967
3764232,1475
3775559,968
3775606,974
3775567,971
3775638,965
3775607,973
3764230,749
3764241,746
3764235,971
3764239,967
3764236,974
3764231,965
3764234,2647
3775543,965
3775551,1475
3775540,2647
3775550,967
3775545,746
3775556,965
3775575,2647
3775562,1475
3775561,972
3775582,967
3775558,974
3775552,749
3775557,968
3775564,746
3775569,973
3775548,971
3775568,969
3775563,1475
3775555,749
3775549,969
3775572,969
3775577,967
3775541,1475
3775588,749
3775586,968
3775592,749
3775580,965
3775591,972
3775590,967
3775571,2647
3775589,974
3775578,974
3775596,973
3775576,746
3775574,746
3775573,972
3775597,968
3775611,971
3775628,1475
3775612,969
3775627,968
3775644,749
3775637,973
3775631,973
3775621,974
3775615,749
3775610,1475
3775616,973
3775632,967
3775629,965
3775619,965
3775600,968
3775605,971
3775626,746
3775614,973
3775603,965
3775625,746
3775613,749
3775598,974
3775601,973
3775630,969
3775651,746
3775635,972
3775650,971
3775647,969
3775659,974
3775657,968
3775649,974
3775645,971
3775639,746
3775642,2647
3775646,2647
3775655,972
3775640,1475
3775658,746
3775623,972
3775566,2647
3775546,749
3775547,969
3775587,967
3775595,973
3775604,749
3775634,967
3775617,965
3775565,971
3775583,746
3775542,967
3775608,972
3775599,972
3775554,967
3775652,971
3764238,972
3857256,786
3869151,779
3857257,792
3857258,781
3857288,777
3857267,3565
3869321,941
3857287,783
3869486,788
3869685,779
3857260,799
3857264,789
3857266,771
3857289,779
3857269,781
3857294,941
3869254,780
3869118,768
3869684,785
3869519,779
3869354,768
3869552,771
3869420,785
3869220,788
3869219,778
3869253,781
3869152,771
3869117,941
3857270,780
3857263,772
3857259,2722
3857295,778
3857283,782
3857284,770
3857282,1839
3857286,3566
3857301,3566
3857300,779
3857299,791
3857298,780
3857297,789
3857296,785
3857293,4885
3857292,795
3857291,772
3857290,773
3857285,787
3857281,785
3857280,2722
3857279,771
3857278,797
3857277,788
3857276,1833
3857275,777
3857274,941
3857273,907
3857272,768
3857271,768
3857268,782
3857265,794
3857262,791
3857261,907
3857255,778
3857254,776
3888705,781
3888704,781
3888854,781
3889218,781
3889217,781
3888702,781
3888701,781
3888700,781
3888699,781
7585,769
7570,768
7586,790
7557,797
7542,780
8656,785
7554,768
7550,786
7548,781
7578,774
7553,791
7544,783
7536,782
7555,789
7546,771
7539,789
7538,790
7576,780
7565,786
7551,770
7537,777
7580,771
8650,781
7581,785
7549,775
7529,785
7534,770
7562,792
7571,787
7569,798
7568,773
7530,771
7558,783
7583,781
7547,776
7535,795
7584,782
7545,779
8649,783
8658,771
7561,793
7531,779
7582,772
7552,782
7532,784
7560,772
7533,781
7564,775
7579,783
7572,778
7577,788
7543,797
7525,796
7566,794
8651,790
7567,791
7541,769
8655,771
8657,782
7540,796
8652,796
7563,776
7556,778
7559,799
3888720,941
3888719,941
3888718,2721
3888717,941
3888716,941
3750180,2721
3889149,779
3889148,779
3750191,779
3793185,781
7476,763
7482,766
7494,762
7486,765
7497,761
7430,759
7444,766
7443,765
7521,763
7492,764
7524,762
7496,767
7523,760
7520,759
7493,760
7500,764
7519,765
7473,767
7522,762
7484,763
7475,766
7457,764
7445,767
7490,763
7479,764
7478,760
7456,763
7471,764
7477,765
7472,760
7474,761
7487,767
7485,761
7483,767
7451,766
7480,760
3835331,858
3835324,851
3844384,865
3847567,865
3845506,865
3835335,2457
3835323,864
3835325,861
3835320,852
3845507,857
3844387,861
3844385,857
3844386,858
3835342,862
3835337,853
3835338,920
3835330,857
3835329,853
3835322,857
3835332,851
3835327,865
3835326,854
3835341,855
3835340,858
3835339,860
3835336,859
3835334,855
3835328,859
3835333,861
3835321,863
3835319,865
3795108,773
3788769,796
3788766,914
3795220,914
3788761,790
3788764,780
3788773,780
3788755,909
3788754,914
3788762,772
3788760,785
3788747,915
3788741,909
3795109,912
3795187,911
3788770,2358
3795506,914
3794688,768
3794692,790
3794686,785
3794687,782
3794685,914
3788774,770
3788771,785
3788772,912
3788768,1835
3788767,911
3788753,1835
3788765,773
3788763,916
3788759,768
3788758,911
3788757,776
3788745,768
3795107,782
3795221,768
3794689,907
3788746,941
3794691,771
3794690,941
3788756,941
3788749,789
3788750,772
3788748,942
3788751,771
3788752,916
3788742,776
3788775,908
3788776,790
3788743,782
3788744,907
3901178,165
3901260,165
3829470,135
3901259,133
3901263,134
3900594,144
3900587,135
3900541,2736
3900596,142
3900591,131
3901188,135
3901184,147
3901182,144
3901170,134
3901169,147
3901166,131
3901168,143
3900601,160
3901262,140
3901261,131
3901258,142
3901257,135
3901256,129
3901255,145
3901254,156
3901253,146
3901252,137
3901251,147
3901250,136
3901249,139
3901248,143
3901247,160
3901246,144
3901245,146
3901244,130
3901243,2736
3901242,145
3901241,140
3901240,165
3901238,129
3901237,135
3901236,144
3901235,137
3901234,156
3901233,131
3901232,143
3901231,134
3901230,160
3901229,142
3901228,135
3901227,147
3901226,139
3901225,130
3901224,136
3901223,129
3901222,144
3901221,134
3901220,2736
3901219,165
3901218,146
3901217,133
3901216,131
3901215,160
3901214,137
3901213,136
3901212,143
3901211,147
3901210,135
3901209,145
3901208,142
3901207,156
3901206,130
3901205,140
3901204,139
3901203,144
3901202,165
3901201,2736
3901200,130
3901199,134
3901198,133
3901197,142
3901196,131
3901195,160
3901194,129
3901193,131
3901192,146
3901191,136
3901190,140
3901189,143
3901187,145
3901186,137
3901185,156
3901183,133
3901181,134
3901180,142
3901179,160
3901177,2736
3901176,130
3901175,139
3901174,129
3901173,160
3901172,2736
3901171,137
3901167,2736
3901165,146
3901164,145
3901163,136
3901162,140
3901161,135
3901160,144
3901159,137
3901158,130
3901157,156
3901156,142
3901155,139
3901154,133
3901153,136
3901152,140
3901151,143
3901150,147
3901149,129
3901148,165
3901147,130
3901146,131
3901145,145
3901144,146
3900608,140
3900602,165
3829518,143
3829479,165
3829478,160
3829519,131
3829416,136
3829459,136
3900636,144
3900633,160
3900628,143
3900627,146
3900625,129
3900624,145
3900616,137
3900617,156
3900609,146
3900604,145
3900605,2736
3900603,130
3900606,133
3900600,147
3900598,129
3900597,137
3900599,156
3900592,139
3900595,136
3900593,143
3900590,134
3900589,140
3900588,165
3900586,142
3900584,2736
3900582,160
3900583,133
3900585,130
3900570,131
3900567,146
3900568,160
3900549,135
3900548,146
3900547,147
3900545,137
3900546,160
3900544,130
3900540,136
3900539,134
3900533,129
3900538,142
3900537,133
3900536,139
3900534,2736
3900535,143
3900530,144
3900532,145
3900531,165
3900529,135
3900528,146
3900522,130
3900523,156
3900521,131
3900518,140
3900519,134
3900511,165
3900514,142
3900515,129
3829512,137
3829495,137
3900491,135
3900504,139
3900506,156
3900505,140
3829496,145
3829514,145
3829499,140
3829469,129
3829454,137
3829439,130
3829513,140
3829510,134
3829445,145
3829433,139
3829466,145
3900639,135
3900638,137
3900637,136
3900635,156
3900634,131
3900632,142
3900631,139
3900630,134
3900629,147
3900626,160
3900623,165
3900622,2736
3900621,130
3900620,140
3900619,134
3900618,131
3900615,144
3900614,143
3900613,136
3900612,142
3900611,129
3900610,139
3900581,146
3900580,136
3900579,144
3900578,143
3900577,147
3900576,139
3900575,156
3900574,137
3900573,145
3900572,129
3900571,134
3900569,135
3900566,2736
3900565,165
3900564,133
3900563,142
3900562,140
3900561,130
3900560,136
3900559,147
3900558,129
3900557,131
3900556,145
3900555,144
3900554,133
3900553,156
3900552,139
3900551,143
3900550,134
3900543,156
3900542,140
3900527,147
3900526,145
3900525,144
3900524,160
3900520,137
3900516,135
3900513,133
3900512,139
3900510,136
3900509,137
3900508,146
3900507,147
3900503,143
3900502,165
3900501,131
3900500,145
3900499,144
3900498,129
3900497,136
3900496,130
3900495,2736
3900494,160
3900493,133
3900492,142
3900490,134
3829438,136
3829413,143
3829428,140
3829522,136
3829521,146
3829520,156
3829517,160
3829516,165
3829515,139
3829511,146
3829509,147
3829508,156
3829507,130
3829506,142
3829505,135
3829504,2736
3829503,144
3829502,129
3829501,129
3829500,131
3829498,165
3829497,133
3829494,160
3829493,143
3829492,143
3829491,147
3829490,135
3829489,139
3829488,142
3829487,140
3829486,2736
3829485,134
3829484,146
3829483,144
3829482,156
3829481,139
3829480,133
3829477,130
3829476,137
3829475,136
3829474,145
3829473,131
3829472,147
3829471,146
3829468,142
3829467,140
3829465,156
3829464,2736
3829463,134
3829462,160
3829461,147
3829460,144
3829458,130
3829457,139
3829456,165
3829455,133
3829453,131
3829452,146
3829451,135
3829450,129
3829449,134
3829448,156
3829447,143
3829446,133
3829444,140
3829443,142
3829442,143
3829441,147
3829440,165
3829437,160
3829436,144
3829435,137
3829434,2736
3829432,131
3829431,165
3829430,156
3829429,134
3829427,133
3829426,142
3829425,145
3829424,135
3829423,129
3829422,137
3829421,130
3829420,146
3829419,139
3829418,144
3829417,133
3829415,2736
3829414,147
3904629,1205
3906390,863
3906389,858
3904628,863
3893806,863
3893801,1203
3893797,851
3893822,1210
3893814,858
3893790,1213
3901832,16802
3902968,1205
3902967,865
3901797,858
3901796,851
3902240,863
3902239,1210
3893808,1214
3901833,861
3893826,864
3901736,1205
3901735,865
3901734,1210
3901733,860
3893823,1832
3893811,865
3893812,1204
3893813,1207
3893810,864
3893809,1205
3893807,1206
3893804,860
3893788,1205
3893798,861
3893789,1106
3893794,865
3893792,1214
3893791,863
3893787,1215
3893834,2391
3893833,1211
3893832,1212
3893831,1216
3893830,1204
3893829,16803
3893828,1207
3893827,16769
3893825,2355
3893824,16768
3893821,1206
3893820,852
3893819,1211
3893818,857
3893817,860
3893816,16803
3893815,861
3893805,1210
3893803,1215
3893802,16802
3893800,855
3893799,857
3893796,858
3893795,853
3893793,6045
22949,857
22943,1214
22944,1209
22961,1210
22964,851
68357,852
22933,1205
22963,1212
68311,1212
22940,1204
22945,1213
22956,1216
22966,1206
68344,851
68345,858
69163,858
68346,1208
68355,857
69301,865
69137,861
69208,857
22936,865
22973,858
68337,1210
22981,1211
22974,1214
22924,852
69321,1214
22983,1207
68312,855
22921,861
22926,857
22930,863
22934,1203
22939,1206
69202,861
22942,1215
22948,861
22955,1205
22962,865
22980,1213
22984,1216
68338,866
68343,1107
68362,865
69191,855
69188,851
69199,852
69258,865
69284,851
69205,855
69161,863
3889082,1328
3889115,1324
3888721,217
3888754,217
3750248,215
3890561,175
3890505,169
3890511,173
3890515,171
3890411,173
3890397,175
3890401,180
3890396,179
3890384,180
3890385,181
3890282,177
3890287,169
3890269,171
3890268,173
3890402,172
3890564,172
3890563,904
3890562,180
3890560,872
3890559,169
3890558,177
3890557,176
3890556,179
3890555,173
3890554,186
3890553,184
3890552,174
3890551,171
3890550,185
3890549,181
3890548,189
3890547,178
3890546,176
3890545,177
3890544,175
3890543,178
3890542,180
3890541,169
3890540,904
3890539,872
3890538,172
3890537,184
3890536,185
3890535,179
3890534,181
3890533,173
3890532,189
3890531,186
3890530,174
3890529,171
3890528,180
3890527,177
3890526,169
3890525,872
3890524,175
3890523,176
3890522,172
3890521,904
3890520,178
3890519,186
3890518,181
3890517,189
3890516,174
3890514,176
3890513,179
3890512,184
3890510,185
3890509,175
3890508,189
3890507,180
3890506,872
3890504,178
3890503,177
3890502,904
3890501,172
3890500,174
3890499,171
3890498,179
3890497,184
3890496,173
3890495,186
3890494,176
3890493,181
3890492,904
3890491,180
3890490,178
3890489,169
3890488,185
3890487,872
3890486,175
3890485,189
3890484,173
3890483,171
3890482,177
3890481,180
3890480,186
3890479,184
3890478,176
3890477,172
3890476,174
3890475,179
3890474,169
3890473,181
3890472,904
3890471,185
3890470,173
3890469,175
3890468,872
3890467,189
3890466,178
3890465,184
3890464,180
3890463,177
3890462,172
3890461,171
3890460,174
3890459,176
3890458,179
3890457,186
3890456,904
3890455,181
3890454,178
3890453,169
3890452,175
3890451,173
3890450,185
3890449,189
3890448,184
3890447,171
3890446,172
3890445,179
3890444,872
3890443,176
3890442,180
3890441,174
3890440,186
3890439,177
3890438,171
3890437,175
3890436,189
3890435,173
3890434,178
3890433,184
3890432,181
3890431,904
3890430,185
3890429,179
3890428,169
3890427,904
3890426,172
3890425,176
3890424,872
3890423,174
3890422,180
3890421,177
3890420,184
3890419,181
3890418,178
3890417,185
3890416,189
3890415,175
3890414,173
3890413,186
3890412,171
3890410,185
3890409,189
3890408,174
3890407,178
3890406,186
3890405,184
3890404,171
3890403,181
3890400,176
3890399,169
3890398,872
3890395,904
3890394,177
3890393,184
3890392,174
3890391,186
3890390,173
3890389,189
3890388,179
3890387,185
3890386,171
3890383,172
3890382,904
3890381,177
3890380,178
3890379,176
3890378,169
3890377,175
3890376,872
3890375,173
3890374,189
3890373,185
3890372,174
3890371,186
3890370,184
3890369,181
3890368,179
3890367,171
3890366,172
3890365,180
3890364,169
3890363,185
3890362,175
3890361,177
3890360,872
3890359,904
3890358,178
3890357,174
3890356,171
3890355,181
3890354,172
3890353,176
3890352,186
3890351,173
3890350,179
3890349,184
3890348,185
3890347,180
3890346,904
3890345,178
3890344,177
3890343,189
3890342,872
3890341,169
3890340,175
3890339,186
3890338,174
3890337,171
3890336,181
3890335,179
3890334,184
3890333,172
3890332,176
3890331,177
3890330,904
3890329,169
3890328,181
3890327,175
3890326,189
3890325,178
3890324,173
3890323,185
3890322,872
3890321,180
3890320,184
3890319,179
3890318,174
3890317,171
3890316,177
3890315,176
3890314,172
3890313,186
3890312,904
3890311,181
3890310,175
3890309,178
3890308,185
3890307,872
3890306,173
3890305,169
3890304,189
3890303,174
3890302,172
3890301,180
3890300,176
3890299,186
3890298,179
3890297,171
3890296,872
3890295,177
3890294,175
3890293,181
3890292,178
3890291,189
3890290,173
3890289,184
3890288,904
3890286,185
3890285,176
3890284,180
3890283,872
3890281,172
3890280,186
3890279,174
3890278,169
3890277,179
3890276,185
3890275,189
3890274,186
3890273,178
3890272,184
3890271,181
3890270,175
3890267,179
3890266,174
3890265,172
3890264,176
3890263,177
3890262,872
3890261,180
3890260,904
3890259,169
