9880,1.1.0
9912,1.1.0
9924,1.1.0
9855,1.1.0
9827,1.1.0
9799,1.1.0
9636,1.1.0
9609,1.1.0
9575,1.1.0
9928,1.1.0
9736,1.1.0
9742,1.1.0
9765,1.1.0
9661,1.1.0
9592,1.1.0
9870,1.1.0
9783,1.1.0
9700,1.1.0
9860,1.1.0
9695,1.1.0
9794,1.1.0
9717,1.1.0
9673,1.1.0
9650,1.1.0
9620,1.1.0
9837,1.1.0
9811,1.1.0
9642,1.1.0
9774,1.1.0
9602,1.1.0
9948,1.1.0
9682,1.1.0
9581,1.1.0
9726,1.1.0
9754,1.1.0
9889,1.1.0
266989,1.1.0
266357,1.1.0
267569,1.1.0
267212,1.1.0
266669,1.1.0
266892,1.1.0
267220,1.1.0
267670,1.1.0
266516,1.1.0
267039,1.1.0
266477,1.1.0
267101,1.1.0
266440,1.1.0
266033,1.1.0
267660,1.1.0
266273,1.1.0
267395,1.1.0
266874,1.1.0
266731,1.1.0
266528,1.1.0
266280,1.1.0
267432,1.1.0
267076,1.1.0
267590,1.1.0
267373,1.1.0
267077,1.1.0
266952,1.1.0
267464,1.1.0
266299,1.1.0
266191,1.1.0
265952,1.1.0
267492,1.1.0
267596,1.1.0
267058,1.1.0
69243,1.1.0
69241,1.1.0
69239,1.1.0
69257,1.1.0
69253,1.1.0
69244,1.1.0
69277,1.1.0
69229,1.1.0
69219,1.1.0
69218,1.1.0
69250,1.1.0
69242,1.1.0
69256,1.1.0
69298,1.1.0
69259,1.1.0
69224,1.1.0
69210,1.1.0
69220,1.1.0
69237,1.1.0
69226,1.1.0
69252,1.1.0
69255,1.1.0
69214,1.1.0
69262,1.1.0
69240,1.1.0
69233,1.1.0
69213,1.1.0
69238,1.1.0
69267,1.1.0
69288,1.1.0
69254,1.1.0
69292,1.1.0
69227,1.1.0
69247,1.1.0
69221,1.1.0
69276,1.1.0
69304,1.1.0
69307,1.1.0
69271,1.1.0
69305,1.1.0
69278,1.1.0
69275,1.1.0
69295,1.1.0
69270,1.1.0
69303,1.1.0
69245,1.1.0
69287,1.1.0
69296,1.1.0
69260,1.1.0
69269,1.1.0
69246,1.1.0
69302,1.1.0
69282,1.1.0
69274,1.1.0
69283,1.1.0
69280,1.1.0
69286,1.1.0
69291,1.1.0
69236,1.1.0
69234,1.1.0
69272,1.1.0
69308,1.1.0
69299,1.1.0
69300,1.1.0
69289,1.1.0
69263,1.1.0
69306,1.1.0
69248,1.1.0
69328,1.1.0
69329,1.1.0
70219,1.1.0
69331,1.1.0
69337,1.1.0
69322,1.1.0
69316,1.1.0
69332,1.1.0
69335,1.1.0
69330,1.1.0
69297,1.1.0
69325,1.1.0
69324,1.1.0
70225,1.1.0
69293,1.1.0
70223,1.1.0
69333,1.1.0
69264,1.1.0
69343,1.1.0
69340,1.1.0
69265,1.1.0
69319,1.1.0
69334,1.1.0
69327,1.1.0
69315,1.1.0
69336,1.1.0
69326,1.1.0
69268,1.1.0
69320,1.1.0
69312,1.1.0
69314,1.1.0
69318,1.1.0
69338,1.1.0
70220,1.1.0
70224,1.1.0
70221,1.1.0
69323,1.1.0
266015,1.1.0
70270,1.1.0
70281,1.1.0
70308,1.1.0
70282,1.1.0
266724,1.1.0
70272,1.1.0
70304,1.1.0
70280,1.1.0
70296,1.1.0
70297,1.1.0
266433,1.1.0
70256,1.1.0
70259,1.1.0
70260,1.1.0
70263,1.1.0
70276,1.1.0
70287,1.1.0
70284,1.1.0
70275,1.1.0
70286,1.1.0
70309,1.1.0
70300,1.1.0
70295,1.1.0
70307,1.1.0
70305,1.1.0
266827,1.1.0
267502,1.1.0
70271,1.1.0
70294,1.1.0
70262,1.1.0
70292,1.1.0
267368,1.1.0
70301,1.1.0
70298,1.1.0
70302,1.1.0
70291,1.1.0
267138,1.1.0
267520,1.1.0
70289,1.1.0
266066,1.1.0
267675,1.1.0
70288,1.1.0
266074,1.1.0
267567,1.1.0
266201,1.1.0
266274,1.1.0
70293,1.1.0
265918,1.1.0
70277,1.1.0
70283,1.1.0
70306,1.1.0
266256,1.1.0
266613,1.1.0
266491,1.1.0
265830,1.1.0
265857,1.1.0
266883,1.1.0
266603,1.1.0
265837,1.1.0
266462,1.1.0
267192,1.1.0
266420,1.1.0
267183,1.1.0
265835,1.1.0
266838,1.1.0
265963,1.1.0
266117,1.1.0
266916,1.1.0
267197,1.1.0
70264,1.1.0
70273,1.1.0
267301,1.1.0
265896,1.1.0
265866,1.1.0
267400,1.1.0
266406,1.1.0
267085,1.1.0
267561,1.1.0
266148,1.1.0
266045,1.1.0
70303,1.1.0
266240,1.1.0
267597,1.1.0
266794,1.1.0
267343,1.1.0
266631,1.1.0
266320,1.1.0
266230,1.1.0
266525,1.1.0
266560,1.1.0
266846,1.1.0
266531,1.1.0
266921,1.1.0
267499,1.1.0
266741,1.1.0
266871,1.1.0
266967,1.1.0
266929,1.1.0
266770,1.1.0
266142,1.1.0
3825848,1.1.0
3825895,1.1.0
3825894,1.1.0
3825855,1.1.0
3825908,1.1.0
3825883,1.1.0
3825900,1.1.0
3825902,1.1.0
3825876,1.1.0
3825846,1.1.0
3825869,1.1.0
3825882,1.1.0
3825849,1.1.0
3825860,1.1.0
3825847,1.1.0
3825817,1.1.0
3825778,1.1.0
3825777,1.1.0
3825740,1.1.0
3825875,1.1.0
3825884,1.1.0
3825842,1.1.0
3825890,1.1.0
3825871,1.1.0
3825896,1.1.0
3825841,1.1.0
3825843,1.1.0
3825839,1.1.0
3825838,1.1.0
3825840,1.1.0
3825837,1.1.0
3825836,1.1.0
3825835,1.1.0
3825834,1.1.0
3825906,1.1.0
3825897,1.1.0
3825889,1.1.0
3825833,1.1.0
3825857,1.1.0
3825863,1.1.0
3825829,1.1.0
3825830,1.1.0
3825832,1.1.0
3825831,1.1.0
3825828,1.1.0
3825827,1.1.0
3825826,1.1.0
3825825,1.1.0
3825824,1.1.0
3825823,1.1.0
3825905,1.1.0
3825822,1.1.0
3825821,1.1.0
3825820,1.1.0
3825819,1.1.0
3825818,1.1.0
3825887,1.1.0
3825907,1.1.0
3825903,1.1.0
3825816,1.1.0
3825815,1.1.0
3825858,1.1.0
3825813,1.1.0
3825814,1.1.0
3825812,1.1.0
3825811,1.1.0
3825807,1.1.0
3825809,1.1.0
3825810,1.1.0
3825808,1.1.0
3825804,1.1.0
3825867,1.1.0
3825805,1.1.0
3825784,1.1.0
3825782,1.1.0
3825757,1.1.0
3825641,1.1.0
3825803,1.1.0
3825800,1.1.0
3825801,1.1.0
3825799,1.1.0
3825797,1.1.0
3825798,1.1.0
3825796,1.1.0
3825795,1.1.0
3825793,1.1.0
3825792,1.1.0
3825794,1.1.0
3825788,1.1.0
3825791,1.1.0
3825790,1.1.0
3825787,1.1.0
3825789,1.1.0
3825786,1.1.0
3825781,1.1.0
3825785,1.1.0
3825783,1.1.0
3825780,1.1.0
3825779,1.1.0
3825773,1.1.0
3825776,1.1.0
3825775,1.1.0
3825769,1.1.0
3825770,1.1.0
3825768,1.1.0
3825736,1.1.0
3825731,1.1.0
3825685,1.1.0
3825678,1.1.0
3825643,1.1.0
3825642,1.1.0
3825638,1.1.0
3825614,1.1.0
3825612,1.1.0
3825607,1.1.0
3825595,1.1.0
3825579,1.1.0
3825572,1.1.0
3825774,1.1.0
3825772,1.1.0
3825771,1.1.0
3825767,1.1.0
3825706,1.1.0
3825712,1.1.0
3825708,1.1.0
3825707,1.1.0
3825705,1.1.0
3825711,1.1.0
3825703,1.1.0
3825700,1.1.0
3825701,1.1.0
3825702,1.1.0
3825704,1.1.0
3825891,1.1.0
3825699,1.1.0
3825697,1.1.0
3825698,1.1.0
3825694,1.1.0
3825693,1.1.0
3825696,1.1.0
3825695,1.1.0
3825689,1.1.0
3825690,1.1.0
3825692,1.1.0
3825691,1.1.0
3825688,1.1.0
3825687,1.1.0
3825683,1.1.0
3825686,1.1.0
3825684,1.1.0
3825681,1.1.0
3825682,1.1.0
3825680,1.1.0
3825677,1.1.0
3825675,1.1.0
3825676,1.1.0
3825674,1.1.0
3825673,1.1.0
3825671,1.1.0
3825672,1.1.0
3825670,1.1.0
3825669,1.1.0
3825668,1.1.0
3825666,1.1.0
3825665,1.1.0
3825667,1.1.0
3825664,1.1.0
3825662,1.1.0
3825888,1.1.0
3825663,1.1.0
3825659,1.1.0
3825658,1.1.0
3825660,1.1.0
3825661,1.1.0
3825656,1.1.0
3825657,1.1.0
3825652,1.1.0
3825623,1.1.0
3825626,1.1.0
3825616,1.1.0
3825608,1.1.0
3825601,1.1.0
3825899,1.1.0
3825852,1.1.0
3825647,1.1.0
3825637,1.1.0
3825628,1.1.0
3825619,1.1.0
3825618,1.1.0
3825611,1.1.0
3825609,1.1.0
3825598,1.1.0
3825584,1.1.0
3825570,1.1.0
3825562,1.1.0
3825904,1.1.0
3825901,1.1.0
3825898,1.1.0
3825893,1.1.0
3825892,1.1.0
3825886,1.1.0
3825885,1.1.0
3825881,1.1.0
3825880,1.1.0
3825879,1.1.0
3825878,1.1.0
3825877,1.1.0
3825874,1.1.0
3825873,1.1.0
3825872,1.1.0
3825870,1.1.0
3825868,1.1.0
3825866,1.1.0
3825865,1.1.0
3825864,1.1.0
3825862,1.1.0
3825861,1.1.0
3825859,1.1.0
3825856,1.1.0
3825854,1.1.0
3825853,1.1.0
3825851,1.1.0
3825850,1.1.0
3825845,1.1.0
3825844,1.1.0
3825806,1.1.0
3825802,1.1.0
3825679,1.1.0
3825655,1.1.0
3825654,1.1.0
3825653,1.1.0
3825651,1.1.0
3825650,1.1.0
3825649,1.1.0
3825648,1.1.0
3825765,1.1.0
3825766,1.1.0
3825764,1.1.0
3825760,1.1.0
3825763,1.1.0
3825761,1.1.0
3825762,1.1.0
3825759,1.1.0
3825758,1.1.0
3825756,1.1.0
3825755,1.1.0
3825754,1.1.0
3825750,1.1.0
3825752,1.1.0
3825751,1.1.0
3825753,1.1.0
3825749,1.1.0
3825747,1.1.0
3825748,1.1.0
3825745,1.1.0
3825746,1.1.0
3825743,1.1.0
3825744,1.1.0
3825742,1.1.0
3825741,1.1.0
3825739,1.1.0
3825738,1.1.0
3825737,1.1.0
3825734,1.1.0
3825733,1.1.0
3825732,1.1.0
3825735,1.1.0
3825729,1.1.0
3825728,1.1.0
3825730,1.1.0
3825727,1.1.0
3825723,1.1.0
3825726,1.1.0
3825725,1.1.0
3825724,1.1.0
3825722,1.1.0
3825716,1.1.0
3825719,1.1.0
3825720,1.1.0
3825717,1.1.0
3825721,1.1.0
3825718,1.1.0
3825715,1.1.0
3825714,1.1.0
3825713,1.1.0
3825710,1.1.0
3825709,1.1.0
3825646,1.1.0
3825645,1.1.0
3825644,1.1.0
3825640,1.1.0
3825639,1.1.0
3825636,1.1.0
3825635,1.1.0
3825634,1.1.0
3825633,1.1.0
3825632,1.1.0
3825631,1.1.0
3825630,1.1.0
3825629,1.1.0
3825627,1.1.0
3825625,1.1.0
3825624,1.1.0
3825622,1.1.0
3825621,1.1.0
3825620,1.1.0
3825617,1.1.0
3825615,1.1.0
3825613,1.1.0
3825610,1.1.0
3825606,1.1.0
3825605,1.1.0
3825604,1.1.0
3825603,1.1.0
3825602,1.1.0
3825600,1.1.0
3825599,1.1.0
3825597,1.1.0
3825596,1.1.0
3825594,1.1.0
3825593,1.1.0
3825592,1.1.0
3825591,1.1.0
3825590,1.1.0
3825589,1.1.0
3825588,1.1.0
3825587,1.1.0
3825586,1.1.0
3825585,1.1.0
3825583,1.1.0
3825582,1.1.0
3825581,1.1.0
3825580,1.1.0
3825578,1.1.0
3825577,1.1.0
3825576,1.1.0
3825575,1.1.0
3825574,1.1.0
3825573,1.1.0
3825571,1.1.0
3825569,1.1.0
3825568,1.1.0
3825567,1.1.0
3825566,1.1.0
3825565,1.1.0
3825564,1.1.0
3825563,1.1.0
266498,1.1.0
266986,1.1.0
267533,1.1.0
266310,1.1.0
267576,1.1.0
266653,1.1.0
265944,1.1.0
265894,1.1.0
265958,1.1.0
267611,1.1.0
267422,1.1.0
266236,1.1.0
267274,1.1.0
266961,1.1.0
266885,1.1.0
266815,1.1.0
267506,1.1.0
266664,1.1.0
266106,1.1.0
266670,1.1.0
266149,1.1.0
266620,1.1.0
266056,1.1.0
267327,1.1.0
266166,1.1.0
266160,1.1.0
265839,1.1.0
266424,1.1.0
266467,1.1.0
267273,1.1.0
266490,1.1.0
266254,1.1.0
266557,1.1.0
3888713,1.1.0
68314,1.1.0
68313,1.1.0
68316,1.1.0
68315,1.1.0
69153,1.1.0
68352,1.1.0
68353,1.1.0
69164,1.1.0
68324,1.1.0
68320,1.1.0
68323,1.1.0
69172,1.1.0
68339,1.1.0
68348,1.1.0
68354,1.1.0
68351,1.1.0
68317,1.1.0
68350,1.1.0
68325,1.1.0
68321,1.1.0
68319,1.1.0
68342,1.1.0
68322,1.1.0
68318,1.1.0
69176,1.1.0
69179,1.1.0
68334,1.1.0
68333,1.1.0
68336,1.1.0
68326,1.1.0
69162,1.1.0
68335,1.1.0
68332,1.1.0
68330,1.1.0
68329,1.1.0
68341,1.1.0
69165,1.1.0
69155,1.1.0
69154,1.1.0
69156,1.1.0
69159,1.1.0
69175,1.1.0
69160,1.1.0
68331,1.1.0
68328,1.1.0
68340,1.1.0
69174,1.1.0
68347,1.1.0
68327,1.1.0
69157,1.1.0
15978,1.1.0
15998,1.1.0
16029,1.1.0
16073,1.1.0
16086,1.1.0
16190,1.1.0
16109,1.1.0
16120,1.1.0
16182,1.1.0
16215,1.1.0
16173,1.1.0
16265,1.1.0
15946,1.1.0
16157,1.1.0
16136,1.1.0
16248,1.1.0
16056,1.1.0
16289,1.1.0
16079,1.1.0
16149,1.1.0
16275,1.1.0
15973,1.1.0
16317,1.1.0
16131,1.1.0
16205,1.1.0
16095,1.1.0
16306,1.1.0
16010,1.1.0
15986,1.1.0
16240,1.1.0
16023,1.1.0
16196,1.1.0
15956,1.1.0
16231,1.1.0
69151,1.1.0
69144,1.1.0
69169,1.1.0
68360,1.1.0
69186,1.1.0
69180,1.1.0
69143,1.1.0
69181,1.1.0
68365,1.1.0
69178,1.1.0
68364,1.1.0
69170,1.1.0
68359,1.1.0
68356,1.1.0
69158,1.1.0
69187,1.1.0
68363,1.1.0
69166,1.1.0
68366,1.1.0
69148,1.1.0
69184,1.1.0
69173,1.1.0
69146,1.1.0
69182,1.1.0
68358,1.1.0
68361,1.1.0
69141,1.1.0
69145,1.1.0
69225,1.1.0
69212,1.1.0
69235,1.1.0
69232,1.1.0
69216,1.1.0
69209,1.1.0
69231,1.1.0
69217,1.1.0
69273,1.1.0
69222,1.1.0
69223,1.1.0
69195,1.1.0
69251,1.1.0
69185,1.1.0
69142,1.1.0
69139,1.1.0
69189,1.1.0
69171,1.1.0
69249,1.1.0
69215,1.1.0
69138,1.1.0
69147,1.1.0
69177,1.1.0
69207,1.1.0
69228,1.1.0
69183,1.1.0
69279,1.1.0
69285,1.1.0
69211,1.1.0
69230,1.1.0
69149,1.1.0
303731,1.1.0
303532,1.1.0
303516,1.1.0
303596,1.1.0
303430,1.1.0
303725,1.1.0
303504,1.1.0
303451,1.1.0
303664,1.1.0
303682,1.1.0
303400,1.1.0
303634,1.1.0
303421,1.1.0
303493,1.1.0
303680,1.1.0
303479,1.1.0
303615,1.1.0
303696,1.1.0
303487,1.1.0
303600,1.1.0
303548,1.1.0
303652,1.1.0
303674,1.1.0
303470,1.1.0
303700,1.1.0
303707,1.1.0
303666,1.1.0
303715,1.1.0
303377,1.1.0
303524,1.1.0
303517,1.1.0
303610,1.1.0
303473,1.1.0
3773386,1.1.0
3773565,1.1.0
3773457,1.1.0
3773631,1.1.0
3773665,1.1.0
3773497,1.1.0
3773660,1.1.0
3773593,1.1.0
3773466,1.1.0
3773585,1.1.0
3773552,1.1.0
3773672,1.1.0
3773587,1.1.0
3773656,1.1.0
3773377,1.1.0
3773586,1.1.0
3773372,1.1.0
3773387,1.1.0
3773695,1.1.0
3773369,1.1.0
3773661,1.1.0
3773597,1.1.0
3773523,1.1.0
3773571,1.1.0
3773428,1.1.0
3764661,1.1.0
3773526,1.1.0
3773474,1.1.0
3773625,1.1.0
3773403,1.1.0
3773547,1.1.0
3773415,1.1.0
3764440,1.1.0
3773689,1.1.0
3773477,1.1.0
3750234,1.1.0
3879863,1.1.0
3879773,1.1.0
3879847,1.1.0
3879862,1.1.0
3879817,1.1.0
3879825,1.1.0
3879750,1.1.0
3879567,1.1.0
3879785,1.1.0
3879705,1.1.0
3879628,1.1.0
3879665,1.1.0
3879699,1.1.0
3879703,1.1.0
3879609,1.1.0
3879653,1.1.0
3879632,1.1.0
3879663,1.1.0
3879645,1.1.0
3879579,1.1.0
3879566,1.1.0
3879587,1.1.0
3879556,1.1.0
3879585,1.1.0
3879582,1.1.0
3879564,1.1.0
3879562,1.1.0
3879837,1.1.0
3879838,1.1.0
3879839,1.1.0
3879840,1.1.0
3879836,1.1.0
3879833,1.1.0
3879828,1.1.0
3879832,1.1.0
3879830,1.1.0
3879792,1.1.0
3879795,1.1.0
3879794,1.1.0
3879788,1.1.0
3879787,1.1.0
3879786,1.1.0
3879784,1.1.0
3879783,1.1.0
3879782,1.1.0
3879781,1.1.0
3879780,1.1.0
3879779,1.1.0
3879778,1.1.0
3879777,1.1.0
3879774,1.1.0
3879776,1.1.0
3879771,1.1.0
3879772,1.1.0
3879756,1.1.0
3879754,1.1.0
3879748,1.1.0
3879749,1.1.0
3879747,1.1.0
3879742,1.1.0
3879746,1.1.0
3879744,1.1.0
3879745,1.1.0
3879743,1.1.0
3879739,1.1.0
3879741,1.1.0
3879740,1.1.0
3879738,1.1.0
3879737,1.1.0
3879732,1.1.0
3879707,1.1.0
3879702,1.1.0
3879704,1.1.0
3879701,1.1.0
3879700,1.1.0
3879706,1.1.0
3878559,1.1.0
3879636,1.1.0
3879627,1.1.0
3879626,1.1.0
3879625,1.1.0
3879624,1.1.0
3879623,1.1.0
3879622,1.1.0
3879621,1.1.0
3879620,1.1.0
3878611,1.1.0
3878610,1.1.0
3878608,1.1.0
3878607,1.1.0
3878606,1.1.0
3878605,1.1.0
3879876,1.1.0
3879875,1.1.0
3879874,1.1.0
3879873,1.1.0
3879872,1.1.0
3879871,1.1.0
3879870,1.1.0
3879869,1.1.0
3879868,1.1.0
3879867,1.1.0
3879866,1.1.0
3879865,1.1.0
3879864,1.1.0
3879861,1.1.0
3879860,1.1.0
3879859,1.1.0
3879858,1.1.0
3879857,1.1.0
3879856,1.1.0
3879855,1.1.0
3879854,1.1.0
3879853,1.1.0
3879852,1.1.0
3879851,1.1.0
3879850,1.1.0
3879849,1.1.0
3879848,1.1.0
3879846,1.1.0
3879845,1.1.0
3879844,1.1.0
3879843,1.1.0
3879842,1.1.0
3879841,1.1.0
3879835,1.1.0
3879834,1.1.0
3879831,1.1.0
3879829,1.1.0
3879827,1.1.0
3879826,1.1.0
3879824,1.1.0
3879823,1.1.0
3879822,1.1.0
3879821,1.1.0
3879820,1.1.0
3879819,1.1.0
3879818,1.1.0
3879816,1.1.0
3879815,1.1.0
3879814,1.1.0
3879813,1.1.0
3879812,1.1.0
3879811,1.1.0
3879810,1.1.0
3879809,1.1.0
3879808,1.1.0
3879807,1.1.0
3879806,1.1.0
3879805,1.1.0
3879804,1.1.0
3879803,1.1.0
3879802,1.1.0
3879801,1.1.0
3879800,1.1.0
3879799,1.1.0
3879798,1.1.0
3879797,1.1.0
3879796,1.1.0
3879793,1.1.0
3879791,1.1.0
3879790,1.1.0
3879789,1.1.0
3879775,1.1.0
3879770,1.1.0
3879769,1.1.0
3879768,1.1.0
3879767,1.1.0
3879766,1.1.0
3879765,1.1.0
3879764,1.1.0
3879763,1.1.0
3879762,1.1.0
3879761,1.1.0
3879760,1.1.0
3879759,1.1.0
3879758,1.1.0
3879757,1.1.0
3879755,1.1.0
3879753,1.1.0
3879752,1.1.0
3879751,1.1.0
3879736,1.1.0
3879735,1.1.0
3879734,1.1.0
3879733,1.1.0
3879731,1.1.0
3879730,1.1.0
3879729,1.1.0
3879728,1.1.0
3879727,1.1.0
3879726,1.1.0
3879725,1.1.0
3879724,1.1.0
3879723,1.1.0
3879722,1.1.0
3879721,1.1.0
3879720,1.1.0
3879719,1.1.0
3879718,1.1.0
3879717,1.1.0
3879716,1.1.0
3879715,1.1.0
3879714,1.1.0
3879713,1.1.0
3879712,1.1.0
3879711,1.1.0
3879710,1.1.0
3879709,1.1.0
3879708,1.1.0
3879698,1.1.0
3879697,1.1.0
3879696,1.1.0
3879695,1.1.0
3879694,1.1.0
3879693,1.1.0
3879692,1.1.0
3879691,1.1.0
3879690,1.1.0
3879689,1.1.0
3879688,1.1.0
3879687,1.1.0
3879686,1.1.0
3879685,1.1.0
3879684,1.1.0
3879683,1.1.0
3879682,1.1.0
3879681,1.1.0
3879680,1.1.0
3879679,1.1.0
3879678,1.1.0
3879677,1.1.0
3879676,1.1.0
3879675,1.1.0
3879674,1.1.0
3879673,1.1.0
3879672,1.1.0
3879671,1.1.0
3879670,1.1.0
3879669,1.1.0
3879668,1.1.0
3879667,1.1.0
3879666,1.1.0
3879664,1.1.0
3879662,1.1.0
3879661,1.1.0
3879660,1.1.0
3879659,1.1.0
3879658,1.1.0
3879657,1.1.0
3879656,1.1.0
3879655,1.1.0
3879654,1.1.0
3879652,1.1.0
3879651,1.1.0
3879650,1.1.0
3879649,1.1.0
3879648,1.1.0
3879647,1.1.0
3879646,1.1.0
3879644,1.1.0
3879643,1.1.0
3879642,1.1.0
3879641,1.1.0
3879640,1.1.0
3879639,1.1.0
3879638,1.1.0
3879637,1.1.0
3879635,1.1.0
3879634,1.1.0
3879633,1.1.0
3879631,1.1.0
3879630,1.1.0
3879629,1.1.0
3879619,1.1.0
3879618,1.1.0
3879617,1.1.0
3879616,1.1.0
3879615,1.1.0
3879614,1.1.0
3879613,1.1.0
3879612,1.1.0
3879611,1.1.0
3879610,1.1.0
3879608,1.1.0
3879607,1.1.0
3879606,1.1.0
3879605,1.1.0
3879604,1.1.0
3879603,1.1.0
3879602,1.1.0
3879601,1.1.0
3879600,1.1.0
3879599,1.1.0
3879598,1.1.0
3879597,1.1.0
3879596,1.1.0
3879595,1.1.0
3879594,1.1.0
3879593,1.1.0
3879592,1.1.0
3879591,1.1.0
3879590,1.1.0
3879589,1.1.0
3879588,1.1.0
3879586,1.1.0
3879584,1.1.0
3879583,1.1.0
3879581,1.1.0
3879580,1.1.0
3879578,1.1.0
3879577,1.1.0
3879576,1.1.0
3879575,1.1.0
3879574,1.1.0
3879573,1.1.0
3879572,1.1.0
3879571,1.1.0
3879570,1.1.0
3879569,1.1.0
3879568,1.1.0
3879565,1.1.0
3879563,1.1.0
3879561,1.1.0
3879560,1.1.0
3879559,1.1.0
3879558,1.1.0
3879557,1.1.0
3879555,1.1.0
3879554,1.1.0
3879553,1.1.0
3879552,1.1.0
3879551,1.1.0
3879550,1.1.0
3879549,1.1.0
3879548,1.1.0
3879547,1.1.0
3879546,1.1.0
3879545,1.1.0
3879544,1.1.0
3879543,1.1.0
3879542,1.1.0
3879541,1.1.0
3879540,1.1.0
3879539,1.1.0
3879538,1.1.0
3879537,1.1.0
3878609,1.1.0
3878604,1.1.0
3878603,1.1.0
3878602,1.1.0
3878601,1.1.0
3878600,1.1.0
3878599,1.1.0
3878598,1.1.0
3878597,1.1.0
3878596,1.1.0
3878595,1.1.0
3878594,1.1.0
3878593,1.1.0
3878592,1.1.0
3878558,1.1.0
3878557,1.1.0
3878556,1.1.0
3878555,1.1.0
3878554,1.1.0
3878553,1.1.0
3878552,1.1.0
3878551,1.1.0
3878550,1.1.0
3878549,1.1.0
3878548,1.1.0
3878547,1.1.0
3878546,1.1.0
3878545,1.1.0
3878544,1.1.0
3878543,1.1.0
3878542,1.1.0
3878541,1.1.0
3878540,
3889182,1.1.0
3827767,1.1.0
3827335,1.1.0
3827336,1.1.0
3827338,1.1.0
3827337,1.1.0
3817856,1.1.0
3817891,1.1.0
3817870,1.1.0
3817899,1.1.0
3817866,1.1.0
3817889,1.1.0
3817887,1.1.0
3817872,1.1.0
3817900,1.1.0
3817855,1.1.0
3817863,1.1.0
3817877,1.1.0
3817901,1.1.0
3817880,1.1.0
3817902,1.1.0
3817862,1.1.0
3817873,1.1.0
3817869,1.1.0
3817881,1.1.0
3817895,1.1.0
3817884,1.1.0
3817896,1.1.0
3817852,1.1.0
3817883,1.1.0
3817886,1.1.0
3817864,1.1.0
3817882,1.1.0
3817894,1.1.0
3817871,1.1.0
3817861,1.1.0
3817888,1.1.0
3817875,1.1.0
3817868,1.1.0
3817867,1.1.0
3813313,1.1.0
3817890,1.1.0
3813302,1.1.0
3817857,1.1.0
3817898,1.1.0
3817893,1.1.0
3817854,1.1.0
3817892,1.1.0
3817859,1.1.0
3817858,1.1.0
3817897,1.1.0
3817885,1.1.0
3817878,1.1.0
3817876,1.1.0
3813305,1.1.0
3813266,1.1.0
3813271,1.1.0
3813311,1.1.0
3813303,1.1.0
3813304,1.1.0
3813306,1.1.0
3813283,1.1.0
3813275,1.1.0
3813278,1.1.0
3813295,1.1.0
3813296,1.1.0
3813282,1.1.0
3813269,1.1.0
3817879,1.1.0
3817874,1.1.0
3817865,1.1.0
3817860,1.1.0
3817853,1.1.0
3817851,1.1.0
3817850,1.1.0
3817849,1.1.0
3817848,1.1.0
3813318,1.1.0
3813287,1.1.0
3813270,1.1.0
3813307,1.1.0
3813279,1.1.0
3813281,1.1.0
3813274,1.1.0
3813285,1.1.0
3813317,1.1.0
3813316,1.1.0
3813315,1.1.0
3813314,1.1.0
3813312,1.1.0
3813310,1.1.0
3813309,1.1.0
3813308,1.1.0
3813301,1.1.0
3813300,1.1.0
3813299,1.1.0
3813298,1.1.0
3813297,1.1.0
3813294,1.1.0
3813293,1.1.0
3813292,1.1.0
3813291,1.1.0
3813290,1.1.0
3813289,1.1.0
3813288,1.1.0
3813286,1.1.0
3813284,1.1.0
3813280,1.1.0
3813277,1.1.0
3813276,1.1.0
3813273,1.1.0
3813272,1.1.0
3813268,1.1.0
3813267,1.1.0
3813265,1.1.0
3813264,1.1.0
3888787,1.1.0
18245,1.1.0
18244,1.0.3
18235,1.0.3
18236,1.0.3
18237,1.0.3
18240,1.0.3
18241,1.0.3
18242,1.0.3
18243,1.0.3
3888711,1.1.0
3888706,1.1.0
2302764,1.1.0
3750200,1.1.0
22912,1.1.0
3750201,1.1.0
3752619,1.1.0
3750235,1.1.0
3754058,1.1.0
3754245,1.1.0
3754136,1.1.0
3754037,1.1.0
3754039,1.1.0
3754041,1.1.0
3754042,1.1.0
3754043,1.1.0
3754045,1.1.0
3754048,1.1.0
3754049,1.1.0
3754050,1.1.0
3754052,1.1.0
3754053,1.1.0
3754055,1.1.0
3754226,1.1.0
3754014,1.1.0
3754091,1.1.0
3754135,1.1.0
3754293,1.1.0
3754339,1.1.0
3754146,1.1.0
3754347,1.1.0
3754255,1.1.0
3754278,1.1.0
3753979,1.1.0
3753972,1.1.0
3753978,1.1.0
3753974,1.1.0
3753993,1.1.0
3753983,1.1.0
3754015,1.1.0
3754038,1.1.0
3754001,1.1.0
3754007,1.1.0
3754008,1.1.0
3754029,1.1.0
3753995,1.1.0
3753999,1.1.0
3754017,1.1.0
3754006,1.1.0
3754023,1.1.0
3753984,1.1.0
3754011,1.1.0
3754010,1.1.0
3754028,1.1.0
3753996,1.1.0
3754025,1.1.0
3754068,1.1.0
3754056,1.1.0
3754040,1.1.0
3754074,1.1.0
3754076,1.1.0
3754067,1.1.0
3754079,1.1.0
3754090,1.1.0
3754083,1.1.0
3754077,1.1.0
3754060,1.1.0
3754073,1.1.0
3754085,1.1.0
3754047,1.1.0
3754051,1.1.0
3754093,1.1.0
3754046,1.1.0
3754072,1.1.0
3754082,1.1.0
3754106,1.1.0
3754099,1.1.0
3754098,1.1.0
3754057,1.1.0
3754112,1.1.0
3754117,1.1.0
3754104,1.1.0
3754054,1.1.0
3754113,1.1.0
3754107,1.1.0
3754105,1.1.0
3754097,1.1.0
3754102,1.1.0
3754115,1.1.0
3754148,1.1.0
3754169,1.1.0
3754174,1.1.0
3754185,1.1.0
3754162,1.1.0
3754096,1.1.0
3754171,1.1.0
3754119,1.1.0
3754126,1.1.0
3754133,1.1.0
3754167,1.1.0
3754145,1.1.0
3754153,1.1.0
3754143,1.1.0
3754186,1.1.0
3754130,1.1.0
3754188,1.1.0
3754178,1.1.0
3754157,1.1.0
3754166,1.1.0
3754211,1.1.0
3754150,1.1.0
3754160,1.1.0
3754218,1.1.0
3754217,1.1.0
3754205,1.1.0
3754221,1.1.0
3754198,1.1.0
3754193,1.1.0
3754222,1.1.0
3754213,1.1.0
3754212,1.1.0
3754223,1.1.0
3754197,1.1.0
3754208,1.1.0
3754204,1.1.0
3754194,1.1.0
3754219,1.1.0
3754254,1.1.0
3754230,1.1.0
3754285,1.1.0
3754233,1.1.0
3754270,1.1.0
3754237,1.1.0
3754257,1.1.0
3754266,1.1.0
3754256,1.1.0
3754288,1.1.0
3754238,1.1.0
3754269,1.1.0
3754234,1.1.0
3754246,1.1.0
3754296,1.1.0
3754273,1.1.0
3754263,1.1.0
3754268,1.1.0
3754286,1.1.0
3754291,1.1.0
3754283,1.1.0
3754235,1.1.0
3754279,1.1.0
3754276,1.1.0
3754287,1.1.0
3754259,1.1.0
3754335,1.1.0
3754298,1.1.0
3754315,1.1.0
3754330,1.1.0
3754337,1.1.0
3754297,1.1.0
3754301,1.1.0
3754323,1.1.0
3754304,1.1.0
3754311,1.1.0
3754328,1.1.0
3754309,1.1.0
3754325,1.1.0
3754329,1.1.0
3754302,1.1.0
3754013,1.1.0
3754044,1.1.0
3754351,1.1.0
3754343,1.1.0
3754109,1.1.0
3754182,1.1.0
3754240,1.1.0
3754336,1.1.0
3754247,1.1.0
3754156,1.1.0
3754265,1.1.0
3754000,1.1.0
3754003,1.1.0
3754344,1.1.0
3754131,1.1.0
3754300,1.1.0
3754312,1.1.0
3754138,1.1.0
3754203,1.1.0
3754190,1.1.0
3754066,1.1.0
3754034,1.1.0
3753985,1.1.0
3753987,1.1.0
3754189,1.1.0
3754129,1.1.0
3754180,1.1.0
3754059,1.1.0
3754064,1.1.0
3754065,1.1.0
3754173,1.1.0
3754175,1.1.0
3753973,1.1.0
3753975,1.1.0
3753976,1.1.0
3753977,1.1.0
3753980,1.1.0
3753981,1.1.0
3753982,1.1.0
3753986,1.1.0
3753988,1.1.0
3753989,1.1.0
3753990,1.1.0
3753991,1.1.0
3753992,1.1.0
3753994,1.1.0
3753997,1.1.0
3753998,1.1.0
3754002,1.1.0
3754004,1.1.0
3754005,1.1.0
3754009,1.1.0
3754012,1.1.0
3754016,1.1.0
3754018,1.1.0
3754019,1.1.0
3754021,1.1.0
3754022,1.1.0
3754024,1.1.0
3754026,1.1.0
3754027,1.1.0
3754030,1.1.0
3754031,1.1.0
3754032,1.1.0
3754033,1.1.0
3754035,1.1.0
3754036,1.1.0
3754061,1.1.0
3754062,1.1.0
3754063,1.1.0
3754069,1.1.0
3754070,1.1.0
3754071,1.1.0
3754075,1.1.0
3754080,1.1.0
3754081,1.1.0
3754084,1.1.0
3754086,1.1.0
3754087,1.1.0
3754088,1.1.0
3754089,1.1.0
3754092,1.1.0
3754094,1.1.0
3754095,1.1.0
3754100,1.1.0
3754101,1.1.0
3754103,1.1.0
3754108,1.1.0
3754110,1.1.0
3754111,1.1.0
3754114,1.1.0
3754116,1.1.0
3754118,1.1.0
3754120,1.1.0
3754121,1.1.0
3754122,1.1.0
3754123,1.1.0
3754124,1.1.0
3754125,1.1.0
3754127,1.1.0
3754132,1.1.0
3754134,1.1.0
3754137,1.1.0
3754139,1.1.0
3754140,1.1.0
3754142,1.1.0
3754144,1.1.0
3754147,1.1.0
3754149,1.1.0
3754151,1.1.0
3754152,1.1.0
3754154,1.1.0
3754155,1.1.0
3754158,1.1.0
3754159,1.1.0
3754161,1.1.0
3754163,1.1.0
3754164,1.1.0
3754165,1.1.0
3754168,1.1.0
3754170,1.1.0
3754172,1.1.0
3754176,1.1.0
3754177,1.1.0
3754179,1.1.0
3754181,1.1.0
3754183,1.1.0
3754184,1.1.0
3754187,1.1.0
3754191,1.1.0
3754192,1.1.0
3754195,1.1.0
3754196,1.1.0
3754199,1.1.0
3754200,1.1.0
3754201,1.1.0
3754202,1.1.0
3754206,1.1.0
3754207,1.1.0
3754209,1.1.0
3754210,1.1.0
3754214,1.1.0
3754215,1.1.0
3754216,1.1.0
3754220,1.1.0
3754224,1.1.0
3754225,1.1.0
3754227,1.1.0
3754228,1.1.0
3754229,1.1.0
3754231,1.1.0
3754232,1.1.0
3754236,1.1.0
3754239,1.1.0
3754241,1.1.0
3754242,1.1.0
3754243,1.1.0
3754244,1.1.0
3754249,1.1.0
3754250,1.1.0
3754251,1.1.0
3754252,1.1.0
3754253,1.1.0
3754260,1.1.0
3754261,1.1.0
3754262,1.1.0
3754264,1.1.0
3754295,1.1.0
3754271,1.1.0
3754272,1.1.0
3754274,1.1.0
3754275,1.1.0
3754277,1.1.0
3754280,1.1.0
3754281,1.1.0
3754282,1.1.0
3754284,1.1.0
3754289,1.1.0
3754290,1.1.0
3754292,1.1.0
3754294,1.1.0
3754248,1.1.0
3754299,1.1.0
3754303,1.1.0
3754305,1.1.0
3754306,1.1.0
3754307,1.1.0
3754308,1.1.0
3754310,1.1.0
3754313,1.1.0
3754314,1.1.0
3754316,1.1.0
3754317,1.1.0
3754318,1.1.0
3754319,1.1.0
3754320,1.1.0
3754321,1.1.0
3754322,1.1.0
3754324,1.1.0
3754326,1.1.0
3754327,1.1.0
3754331,1.1.0
3754332,1.1.0
3754333,1.1.0
3754334,1.1.0
3754338,1.1.0
3754340,1.1.0
3754341,1.1.0
3754342,1.1.0
3754345,1.1.0
3754346,1.1.0
3754348,1.1.0
3754349,1.1.0
3754350,1.1.0
3754258,1.1.0
3754020,1.1.0
3754267,1.1.0
3754141,1.1.0
3754128,1.1.0
3754078,1.1.0
3749052,1.1.0
3749522,1.1.0
3749246,1.1.0
3749257,1.1.0
3749642,1.1.0
3749358,1.1.0
3749346,1.1.0
3749253,1.1.0
3749079,1.1.0
3749465,1.1.0
3749133,1.1.0
3749528,1.1.0
3749233,1.1.0
3749462,1.1.0
3749552,1.1.0
3749296,1.1.0
3749454,1.1.0
3749276,1.1.0
3749068,1.1.0
3749310,1.1.0
3749493,1.1.0
3749434,1.1.0
3749192,1.1.0
3749196,1.1.0
3749448,1.1.0
3749360,1.1.0
3749453,1.1.0
3749278,1.1.0
3749603,1.1.0
3749274,1.1.0
3749590,1.1.0
3749631,1.1.0
3749117,1.1.0
3749108,1.1.0
3749153,1.1.0
3749403,1.1.0
3749526,1.1.0
3749431,1.1.0
3887188,1.1.0
3750244,1.1.0
3750245,1.1.0
19770,1.0.3
19820,1.1.0
19772,1.0.3
19769,1.0.3
19746,1.0.3
7298,1.0.2
19778,1.0.3
19771,1.0.3
19736,1.0.3
19745,1.0.3
19730,1.0.3
19794,1.0.3
19766,1.0.3
19734,1.0.3
19717,1.0.3
19718,1.0.3
19810,1.1.0
19743,1.0.3
19740,1.0.3
19716,1.0.3
19800,1.1.0
19739,1.0.3
19748,1.0.3
19822,1.1.0
19785,1.0.3
19749,1.0.3
19751,1.0.3
19764,1.0.3
19773,1.0.3
19783,1.0.3
19747,1.0.3
19757,1.0.3
19742,1.0.3
19777,1.0.3
19758,1.1.0
19802,1.1.0
19803,1.1.0
19811,1.1.0
19805,1.1.0
19752,1.0.3
19775,1.0.3
19760,1.0.3
19787,1.0.3
19733,1.0.3
19765,1.0.3
19792,1.0.3
19732,1.0.3
19744,1.0.3
19799,1.1.0
19753,1.0.3
19735,1.0.3
19720,1.0.3
19719,1.0.3
19715,1.0.3
19723,1.0.3
19722,1.0.3
19727,1.0.3
19731,1.0.3
19714,1.0.3
19728,1.0.3
19726,1.0.3
19725,1.0.3
19738,1.0.3
19759,1.0.3
19750,1.0.3
19761,1.0.3
19762,1.0.3
19763,1.0.3
19768,1.0.3
19767,1.0.3
19776,1.0.3
19737,1.0.3
19790,1.0.3
19793,1.0.3
19789,1.0.3
19791,1.0.3
19795,1.0.3
19797,1.0.3
19780,1.0.3
19781,1.0.3
19779,1.0.3
19798,1.0.3
19782,1.0.3
19784,1.0.3
19786,1.0.3
19774,1.0.3
19755,1.0.3
19806,1.1.0
19807,1.1.0
19788,1.0.3
19808,1.1.0
19804,1.1.0
19813,1.1.0
19816,1.1.0
19809,1.1.0
19815,1.1.0
19817,1.1.0
19818,1.1.0
19819,1.1.0
19821,1.1.0
19801,1.1.0
19741,1.0.3
19756,1.1.0
19754,1.1.0
19724,1.0.3
19814,1.1.0
19729,1.1.0
19796,1.0.3
2275127,1.1.0
2275136,1.1.0
2275154,1.1.0
2275150,1.1.0
2275146,1.1.0
2275142,1.1.0
2275137,1.1.0
2275153,1.1.0
2275151,1.1.0
2275144,1.1.0
2275088,1.1.0
2275110,1.1.0
2275044,1.1.0
2275105,1.1.0
2275063,1.1.0
2275054,1.1.0
2275072,1.1.0
2275085,1.1.0
2275113,1.1.0
2275099,1.1.0
2275057,1.1.0
2275075,1.1.0
2275077,1.1.0
2275036,1.1.0
2275117,1.1.0
2275092,1.1.0
2275040,1.1.0
2275122,1.1.0
2275045,1.1.0
2275093,1.1.0
2275097,1.1.0
2275084,1.1.0
2275089,1.1.0
2275116,1.1.0
2275104,1.1.0
2275052,1.1.0
2275037,1.1.0
2275027,1.1.0
2275078,1.1.0
2275080,1.1.0
2275098,1.1.0
2275156,1.1.0
2275139,1.1.0
2275070,1.1.0
2275051,1.1.0
2275050,1.1.0
2275029,1.1.0
2275090,1.1.0
2275042,1.1.0
2275157,1.1.0
2275108,1.1.0
2275082,1.1.0
2275138,1.1.0
2275049,1.1.0
2275132,1.1.0
2275061,1.1.0
2275096,1.1.0
2275033,1.1.0
2275107,1.1.0
2275130,1.1.0
2275034,1.1.0
2275026,1.1.0
2275041,1.1.0
2275094,1.1.0
2275106,1.1.0
2275073,1.1.0
2275038,1.1.0
2275131,1.1.0
2275062,1.1.0
2275048,1.1.0
2275121,1.1.0
2275065,1.1.0
2275079,1.1.0
2275103,1.1.0
2275140,1.1.0
2275126,1.1.0
2275102,1.1.0
2275109,1.1.0
2275091,1.1.0
2275030,1.1.0
2275133,1.1.0
2275083,1.1.0
2275120,1.1.0
2275028,1.1.0
2275086,1.1.0
2275056,1.1.0
2275074,1.1.0
3775648,1.1.0
3775609,1.1.0
3775633,1.1.0
3775570,1.1.0
3775581,1.1.0
3775579,1.1.0
3775544,1.1.0
3775622,1.1.0
3775553,1.1.0
3775584,1.1.0
3775618,1.1.0
3775641,1.1.0
3775636,1.1.0
3775653,1.1.0
3775654,1.1.0
3775643,1.1.0
3764237,1.1.0
3775594,1.1.0
3775560,1.1.0
3775624,1.1.0
3764240,1.1.0
3764233,1.1.0
3775585,1.1.0
3775593,1.1.0
3775602,1.1.0
3775620,1.1.0
3764232,1.1.0
3775559,1.1.0
3775606,1.1.0
3775567,1.1.0
3775638,1.1.0
3775607,1.1.0
3764230,1.1.0
3764241,1.1.0
3764235,1.1.0
3764239,1.1.0
3764236,1.1.0
3764231,1.1.0
3764234,1.1.0
3775543,1.1.0
3775551,1.1.0
3775540,1.1.0
3775550,1.1.0
3775545,1.1.0
3775556,1.1.0
3775575,1.1.0
3775562,1.1.0
3775561,1.1.0
3775582,1.1.0
3775558,1.1.0
3775552,1.1.0
3775557,1.1.0
3775564,1.1.0
3775569,1.1.0
3775548,1.1.0
3775568,1.1.0
3775563,1.1.0
3775555,1.1.0
3775549,1.1.0
3775572,1.1.0
3775577,1.1.0
3775541,1.1.0
3775588,1.1.0
3775586,1.1.0
3775592,1.1.0
3775580,1.1.0
3775591,1.1.0
3775590,1.1.0
3775571,1.1.0
3775589,1.1.0
3775578,1.1.0
3775596,1.1.0
3775576,1.1.0
3775574,1.1.0
3775573,1.1.0
3775597,1.1.0
3775611,1.1.0
3775628,1.1.0
3775612,1.1.0
3775627,1.1.0
3775644,1.1.0
3775637,1.1.0
3775631,1.1.0
3775621,1.1.0
3775615,1.1.0
3775610,1.1.0
3775616,1.1.0
3775632,1.1.0
3775629,1.1.0
3775619,1.1.0
3775600,1.1.0
3775605,1.1.0
3775626,1.1.0
3775614,1.1.0
3775603,1.1.0
3775625,1.1.0
3775613,1.1.0
3775598,1.1.0
3775601,1.1.0
3775630,1.1.0
3775651,1.1.0
3775635,1.1.0
3775650,1.1.0
3775647,1.1.0
3775659,1.1.0
3775657,1.1.0
3775649,1.1.0
3775645,1.1.0
3775639,1.1.0
3775642,1.1.0
3775646,1.1.0
3775655,1.1.0
3775640,1.1.0
3775658,1.1.0
3775623,1.1.0
3775566,1.1.0
3775546,1.1.0
3775547,1.1.0
3775587,1.1.0
3775595,1.1.0
3775604,1.1.0
3775634,1.1.0
3775617,1.1.0
3775565,1.1.0
3775583,1.1.0
3775542,1.1.0
3775608,1.1.0
3775599,1.1.0
3775554,1.1.0
3775652,1.1.0
3764238,1.1.0
3857256,1.1.0
3869151,1.1.0
3857257,1.1.0
3857258,1.1.0
3857288,1.1.0
3857267,1.1.0
3869321,1.1.0
3857287,1.1.0
3869486,1.1.0
3869685,1.1.0
3857260,1.1.0
3857264,1.1.0
3857266,1.1.0
3857289,1.1.0
3857269,1.1.0
3857294,1.1.0
3869254,1.1.0
3869118,1.1.0
3869684,1.1.0
3869519,1.1.0
3869354,1.1.0
3869552,1.1.0
3869420,1.1.0
3869220,1.1.0
3869219,1.1.0
3869253,1.1.0
3869152,1.1.0
3869117,1.1.0
3857270,1.1.0
3857263,1.1.0
3857259,1.1.0
3857295,1.1.0
3857283,1.1.0
3857284,1.1.0
3857282,1.1.0
3857286,1.1.0
3857301,1.1.0
3857300,1.1.0
3857299,1.1.0
3857298,1.1.0
3857297,1.1.0
3857296,1.1.0
3857293,1.1.0
3857292,1.1.0
3857291,1.1.0
3857290,1.1.0
3857285,1.1.0
3857281,1.1.0
3857280,1.1.0
3857279,1.1.0
3857278,1.1.0
3857277,1.1.0
3857276,1.1.0
3857275,1.1.0
3857274,1.1.0
3857273,1.1.0
3857272,1.1.0
3857271,1.1.0
3857268,1.1.0
3857265,1.1.0
3857262,1.1.0
3857261,1.1.0
3857255,1.1.0
3857254,1.1.0
3888705,1.1.0
3888704,1.1.0
3888854,1.1.0
3889218,1.1.0
3889217,1.1.0
3888702,1.1.0
3888701,1.1.0
3888700,1.1.0
3888699,1.1.0
7585,1.0.2
7570,1.0.2
7586,1.0.2
7557,1.0.2
7542,1.0.2
8656,1.0.2
7554,1.0.2
7550,1.0.2
7548,1.0.2
7578,1.0.2
7553,1.0.2
7544,1.0.2
7536,1.0.2
7555,1.0.2
7546,1.0.2
7539,1.0.2
7538,1.0.2
7576,1.0.2
7565,1.0.2
7551,1.0.2
7537,1.0.2
7580,1.0.2
8650,1.0.2
7581,1.0.2
7549,1.0.2
7529,1.0.2
7534,1.0.2
7562,1.0.2
7571,1.0.2
7569,1.0.2
7568,1.0.2
7530,1.0.2
7558,1.0.2
7583,1.0.2
7547,1.0.2
7535,1.0.2
7584,1.0.2
7545,1.0.2
8649,1.0.2
8658,1.0.2
7561,1.0.2
7531,1.0.2
7582,1.0.2
7552,1.0.2
7532,1.0.2
7560,1.0.2
7533,1.0.2
7564,1.0.2
7579,1.0.2
7572,1.0.2
7577,1.0.2
7543,1.0.2
7525,1.0.2
7566,1.0.2
8651,1.0.2
7567,1.0.2
7541,1.0.2
8655,1.0.2
8657,1.0.2
7540,1.0.2
8652,1.0.2
7563,1.0.2
7556,1.0.2
7559,1.0.2
3888720,1.1.0
3888719,1.1.0
3888718,1.1.0
3888717,1.1.0
3888716,1.1.0
3750180,1.1.0
3889149,1.1.0
3889148,1.1.0
3750191,1.1.0
3793185,1.1.0
7476,1.0.2
7482,1.0.2
7494,1.0.2
7486,1.0.2
7497,1.0.2
7430,1.0.2
7444,1.0.2
7443,1.0.2
7521,1.0.2
7492,1.0.2
7524,1.0.2
7496,1.0.2
7523,1.0.2
7520,1.0.2
7493,1.0.2
7500,1.0.2
7519,1.0.2
7473,1.0.2
7522,1.0.2
7484,1.0.2
7475,1.0.2
7457,1.0.2
7445,1.0.2
7490,1.0.2
7479,1.0.2
7478,1.0.2
7456,1.0.2
7471,1.0.2
7477,1.0.2
7472,1.0.2
7474,1.0.2
7487,1.0.2
7485,1.0.2
7483,1.0.2
7451,1.0.2
7480,1.0.2
3835331,1.1.0
3835324,1.1.0
3844384,1.1.0
3847567,1.1.0
3845506,1.1.0
3835335,1.1.0
3835323,1.1.0
3835325,1.1.0
3835320,1.1.0
3845507,1.1.0
3844387,1.1.0
3844385,1.1.0
3844386,1.1.0
3835342,1.1.0
3835337,1.1.0
3835338,1.1.0
3835330,1.1.0
3835329,1.1.0
3835322,1.1.0
3835332,1.1.0
3835327,1.1.0
3835326,1.1.0
3835341,1.1.0
3835340,1.1.0
3835339,1.1.0
3835336,1.1.0
3835334,1.1.0
3835328,1.1.0
3835333,1.1.0
3835321,1.1.0
3835319,1.1.0
3795108,1.1.0
3788769,1.1.0
3788766,1.1.0
3795220,1.1.0
3788761,1.1.0
3788764,1.1.0
3788773,1.1.0
3788755,1.1.0
3788754,1.1.0
3788762,1.1.0
3788760,1.1.0
3788747,1.1.0
3788741,1.1.0
3795109,1.1.0
3795187,1.1.0
3788770,1.1.0
3795506,1.1.0
3794688,1.1.0
3794692,1.1.0
3794686,1.1.0
3794687,1.1.0
3794685,1.1.0
3788774,1.1.0
3788771,1.1.0
3788772,1.1.0
3788768,1.1.0
3788767,1.1.0
3788753,1.1.0
3788765,1.1.0
3788763,1.1.0
3788759,1.1.0
3788758,1.1.0
3788757,1.1.0
3788745,1.1.0
3795107,1.1.0
3795221,1.1.0
3794689,1.1.0
3788746,1.1.0
3794691,1.1.0
3794690,1.1.0
3788756,1.1.0
3788749,1.1.0
3788750,1.1.0
3788748,1.1.0
3788751,1.1.0
3788752,1.1.0
3788742,1.1.0
3788775,1.1.0
3788776,1.1.0
3788743,1.1.0
3788744,1.1.0
3901178,1.1.0
3901260,1.1.0
3829470,1.1.0
3901259,1.1.0
3901263,1.1.0
3900594,1.1.0
3900587,1.1.0
3900541,1.1.0
3900596,1.1.0
3900591,1.1.0
3901188,1.1.0
3901184,1.1.0
3901182,1.1.0
3901170,1.1.0
3901169,1.1.0
3901166,1.1.0
3901168,1.1.0
3900601,1.1.0
3901262,1.1.0
3901261,1.1.0
3901258,1.1.0
3901257,1.1.0
3901256,1.1.0
3901255,1.1.0
3901254,1.1.0
3901253,1.1.0
3901252,1.1.0
3901251,1.1.0
3901250,1.1.0
3901249,1.1.0
3901248,1.1.0
3901247,1.1.0
3901246,1.1.0
3901245,1.1.0
3901244,1.1.0
3901243,1.1.0
3901242,1.1.0
3901241,1.1.0
3901240,1.1.0
3901238,1.1.0
3901237,1.1.0
3901236,1.1.0
3901235,1.1.0
3901234,1.1.0
3901233,1.1.0
3901232,1.1.0
3901231,1.1.0
3901230,1.1.0
3901229,1.1.0
3901228,1.1.0
3901227,1.1.0
3901226,1.1.0
3901225,1.1.0
3901224,1.1.0
3901223,1.1.0
3901222,1.1.0
3901221,1.1.0
3901220,1.1.0
3901219,1.1.0
3901218,1.1.0
3901217,1.1.0
3901216,1.1.0
3901215,1.1.0
3901214,1.1.0
3901213,1.1.0
3901212,1.1.0
3901211,1.1.0
3901210,1.1.0
3901209,1.1.0
3901208,1.1.0
3901207,1.1.0
3901206,1.1.0
3901205,1.1.0
3901204,1.1.0
3901203,1.1.0
3901202,1.1.0
3901201,1.1.0
3901200,1.1.0
3901199,1.1.0
3901198,1.1.0
3901197,1.1.0
3901196,1.1.0
3901195,1.1.0
3901194,1.1.0
3901193,1.1.0
3901192,1.1.0
3901191,1.1.0
3901190,1.1.0
3901189,1.1.0
3901187,1.1.0
3901186,1.1.0
3901185,1.1.0
3901183,1.1.0
3901181,1.1.0
3901180,1.1.0
3901179,1.1.0
3901177,1.1.0
3901176,1.1.0
3901175,1.1.0
3901174,1.1.0
3901173,1.1.0
3901172,1.1.0
3901171,1.1.0
3901167,1.1.0
3901165,1.1.0
3901164,1.1.0
3901163,1.1.0
3901162,1.1.0
3901161,1.1.0
3901160,1.1.0
3901159,1.1.0
3901158,1.1.0
3901157,1.1.0
3901156,1.1.0
3901155,1.1.0
3901154,1.1.0
3901153,1.1.0
3901152,1.1.0
3901151,1.1.0
3901150,1.1.0
3901149,1.1.0
3901148,1.1.0
3901147,1.1.0
3901146,1.1.0
3901145,1.1.0
3901144,1.1.0
3900608,1.1.0
3900602,1.1.0
3829518,1.1.0
3829479,1.1.0
3829478,1.1.0
3829519,1.1.0
3829416,1.1.0
3829459,1.1.0
3900636,1.1.0
3900633,1.1.0
3900628,1.1.0
3900627,1.1.0
3900625,1.1.0
3900624,1.1.0
3900616,1.1.0
3900617,1.1.0
3900609,1.1.0
3900604,1.1.0
3900605,1.1.0
3900603,1.1.0
3900606,1.1.0
3900600,1.1.0
3900598,1.1.0
3900597,1.1.0
3900599,1.1.0
3900592,1.1.0
3900595,1.1.0
3900593,1.1.0
3900590,1.1.0
3900589,1.1.0
3900588,1.1.0
3900586,1.1.0
3900584,1.1.0
3900582,1.1.0
3900583,1.1.0
3900585,1.1.0
3900570,1.1.0
3900567,1.1.0
3900568,1.1.0
3900549,1.1.0
3900548,1.1.0
3900547,1.1.0
3900545,1.1.0
3900546,1.1.0
3900544,1.1.0
3900540,1.1.0
3900539,1.1.0
3900533,1.1.0
3900538,1.1.0
3900537,1.1.0
3900536,1.1.0
3900534,1.1.0
3900535,1.1.0
3900530,1.1.0
3900532,1.1.0
3900531,1.1.0
3900529,1.1.0
3900528,1.1.0
3900522,1.1.0
3900523,1.1.0
3900521,1.1.0
3900518,1.1.0
3900519,1.1.0
3900511,1.1.0
3900514,1.1.0
3900515,1.1.0
3829512,1.1.0
3829495,1.1.0
3900491,1.1.0
3900504,1.1.0
3900506,1.1.0
3900505,1.1.0
3829496,1.1.0
3829514,1.1.0
3829499,1.1.0
3829469,1.1.0
3829454,1.1.0
3829439,1.1.0
3829513,1.1.0
3829510,1.1.0
3829445,1.1.0
3829433,1.1.0
3829466,1.1.0
3900639,1.1.0
3900638,1.1.0
3900637,1.1.0
3900635,1.1.0
3900634,1.1.0
3900632,1.1.0
3900631,1.1.0
3900630,1.1.0
3900629,1.1.0
3900626,1.1.0
3900623,1.1.0
3900622,1.1.0
3900621,1.1.0
3900620,1.1.0
3900619,1.1.0
3900618,1.1.0
3900615,1.1.0
3900614,1.1.0
3900613,1.1.0
3900612,1.1.0
3900611,1.1.0
3900610,1.1.0
3900581,1.1.0
3900580,1.1.0
3900579,1.1.0
3900578,1.1.0
3900577,1.1.0
3900576,1.1.0
3900575,1.1.0
3900574,1.1.0
3900573,1.1.0
3900572,1.1.0
3900571,1.1.0
3900569,1.1.0
3900566,1.1.0
3900565,1.1.0
3900564,1.1.0
3900563,
3900562,1.1.0
3900561,1.1.0
3900560,1.1.0
3900559,1.1.0
3900558,1.1.0
3900557,1.1.0
3900556,1.1.0
3900555,1.1.0
3900554,1.1.0
3900553,1.1.0
3900552,1.1.0
3900551,1.1.0
3900550,1.1.0
3900543,1.1.0
3900542,1.1.0
3900527,1.1.0
3900526,1.1.0
3900525,1.1.0
3900524,1.1.0
3900520,1.1.0
3900516,1.1.0
3900513,1.1.0
3900512,1.1.0
3900510,1.1.0
3900509,1.1.0
3900508,1.1.0
3900507,1.1.0
3900503,1.1.0
3900502,1.1.0
3900501,1.1.0
3900500,1.1.0
3900499,1.1.0
3900498,1.1.0
3900497,1.1.0
3900496,1.1.0
3900495,1.1.0
3900494,1.1.0
3900493,1.1.0
3900492,1.1.0
3900490,1.1.0
3829438,1.1.0
3829413,1.1.0
3829428,1.1.0
3829522,1.1.0
3829521,1.1.0
3829520,1.1.0
3829517,1.1.0
3829516,1.1.0
3829515,1.1.0
3829511,1.1.0
3829509,1.1.0
3829508,1.1.0
3829507,1.1.0
3829506,1.1.0
3829505,1.1.0
3829504,1.1.0
3829503,1.1.0
3829502,1.1.0
3829501,1.1.0
3829500,1.1.0
3829498,1.1.0
3829497,1.1.0
3829494,1.1.0
3829493,1.1.0
3829492,1.1.0
3829491,1.1.0
3829490,1.1.0
3829489,1.1.0
3829488,1.1.0
3829487,1.1.0
3829486,1.1.0
3829485,1.1.0
3829484,1.1.0
3829483,1.1.0
3829482,1.1.0
3829481,1.1.0
3829480,1.1.0
3829477,1.1.0
3829476,1.1.0
3829475,1.1.0
3829474,1.1.0
3829473,1.1.0
3829472,1.1.0
3829471,1.1.0
3829468,1.1.0
3829467,1.1.0
3829465,1.1.0
3829464,1.1.0
3829463,1.1.0
3829462,1.1.0
3829461,1.1.0
3829460,1.1.0
3829458,1.1.0
3829457,1.1.0
3829456,1.1.0
3829455,1.1.0
3829453,1.1.0
3829452,1.1.0
3829451,1.1.0
3829450,1.1.0
3829449,1.1.0
3829448,1.1.0
3829447,1.1.0
3829446,1.1.0
3829444,1.1.0
3829443,1.1.0
3829442,1.1.0
3829441,1.1.0
3829440,1.1.0
3829437,1.1.0
3829436,1.1.0
3829435,1.1.0
3829434,1.1.0
3829432,1.1.0
3829431,1.1.0
3829430,1.1.0
3829429,1.1.0
3829427,1.1.0
3829426,1.1.0
3829425,1.1.0
3829424,1.1.0
3829423,1.1.0
3829422,1.1.0
3829421,1.1.0
3829420,1.1.0
3829419,1.1.0
3829418,1.1.0
3829417,1.1.0
3829415,1.1.0
3829414,1.1.0
3904629,1.1.0
3906390,1.1.0
3906389,1.1.0
3904628,1.1.0
3893806,1.1.0
3893801,1.1.0
3893797,1.1.0
3893822,1.1.0
3893814,1.1.0
3893790,1.1.0
3901832,1.1.0
3902968,1.1.0
3902967,1.1.0
3901797,1.1.0
3901796,1.1.0
3902240,1.1.0
3902239,1.1.0
3893808,1.1.0
3901833,1.1.0
3893826,1.1.0
3901736,1.1.0
3901735,1.1.0
3901734,1.1.0
3901733,1.1.0
3893823,1.1.0
3893811,1.1.0
3893812,1.1.0
3893813,1.1.0
3893810,1.1.0
3893809,1.1.0
3893807,1.1.0
3893804,1.1.0
3893788,1.1.0
3893798,1.1.0
3893789,1.1.0
3893794,1.1.0
3893792,1.1.0
3893791,1.1.0
3893787,1.1.0
3893834,1.1.0
3893833,1.1.0
3893832,1.1.0
3893831,1.1.0
3893830,1.1.0
3893829,1.1.0
3893828,1.1.0
3893827,1.1.0
3893825,1.1.0
3893824,1.1.0
3893821,1.1.0
3893820,1.1.0
3893819,1.1.0
3893818,1.1.0
3893817,1.1.0
3893816,1.1.0
3893815,1.1.0
3893805,1.1.0
3893803,1.1.0
3893802,1.1.0
3893800,1.1.0
3893799,1.1.0
3893796,1.1.0
3893795,1.1.0
3893793,1.1.0
22949,1.1.0
22943,1.1.0
22944,1.1.0
22961,1.1.0
22964,1.1.0
68357,1.1.0
22933,1.1.0
22963,1.1.0
68311,1.1.0
22940,1.1.0
22945,1.1.0
22956,1.1.0
22966,1.1.0
68344,1.1.0
68345,1.1.0
69163,1.1.0
68346,1.1.0
68355,1.1.0
69301,1.1.0
69137,1.1.0
69208,1.1.0
22936,1.1.0
22973,1.1.0
68337,1.1.0
22981,1.1.0
22974,1.1.0
22924,1.1.0
69321,1.1.0
22983,1.1.0
68312,1.1.0
22921,1.1.0
22926,1.1.0
22930,1.1.0
22934,1.1.0
22939,1.1.0
69202,1.1.0
22942,1.1.0
22948,1.1.0
22955,1.1.0
22962,1.1.0
22980,1.1.0
22984,1.1.0
68338,1.1.0
68343,1.1.0
68362,1.1.0
69191,1.1.0
69188,1.1.0
69199,1.1.0
69258,1.1.0
69284,1.1.0
69205,1.1.0
69161,1.1.0
3889082,1.1.0
3889115,1.1.0
3888721,1.1.0
3888754,1.1.0
3750248,1.1.0
3890561,1.1.0
3890505,1.1.0
3890511,1.1.0
3890515,1.1.0
3890411,1.1.0
3890397,1.1.0
3890401,1.1.0
3890396,1.1.0
3890384,1.1.0
3890385,1.1.0
3890282,1.1.0
3890287,1.1.0
3890269,1.1.0
3890268,1.1.0
3890402,1.1.0
3890564,1.1.0
3890563,1.1.0
3890562,1.1.0
3890560,1.1.0
3890559,1.1.0
3890558,1.1.0
3890557,1.1.0
3890556,1.1.0
3890555,1.1.0
3890554,1.1.0
3890553,1.1.0
3890552,1.1.0
3890551,1.1.0
3890550,1.1.0
3890549,1.1.0
3890548,1.1.0
3890547,1.1.0
3890546,1.1.0
3890545,1.1.0
3890544,1.1.0
3890543,1.1.0
3890542,1.1.0
3890541,1.1.0
3890540,1.1.0
3890539,1.1.0
3890538,1.1.0
3890537,1.1.0
3890536,1.1.0
3890535,1.1.0
3890534,1.1.0
3890533,1.1.0
3890532,1.1.0
3890531,1.1.0
3890530,1.1.0
3890529,1.1.0
3890528,1.1.0
3890527,1.1.0
3890526,1.1.0
3890525,1.1.0
3890524,1.1.0
3890523,1.1.0
3890522,1.1.0
3890521,1.1.0
3890520,1.1.0
3890519,1.1.0
3890518,1.1.0
3890517,1.1.0
3890516,1.1.0
3890514,1.1.0
3890513,1.1.0
3890512,1.1.0
3890510,1.1.0
3890509,1.1.0
3890508,1.1.0
3890507,1.1.0
3890506,1.1.0
3890504,1.1.0
3890503,1.1.0
3890502,1.1.0
3890501,1.1.0
3890500,1.1.0
3890499,1.1.0
3890498,1.1.0
3890497,1.1.0
3890496,1.1.0
3890495,1.1.0
3890494,1.1.0
3890493,1.1.0
3890492,1.1.0
3890491,1.1.0
3890490,1.1.0
3890489,1.1.0
3890488,1.1.0
3890487,1.1.0
3890486,1.1.0
3890485,1.1.0
3890484,1.1.0
3890483,1.1.0
3890482,1.1.0
3890481,1.1.0
3890480,1.1.0
3890479,1.1.0
3890478,1.1.0
3890477,1.1.0
3890476,1.1.0
3890475,1.1.0
3890474,1.1.0
3890473,1.1.0
3890472,1.1.0
3890471,1.1.0
3890470,1.1.0
3890469,1.1.0
3890468,1.1.0
3890467,1.1.0
3890466,1.1.0
3890465,1.1.0
3890464,1.1.0
3890463,1.1.0
3890462,1.1.0
3890461,1.1.0
3890460,1.1.0
3890459,1.1.0
3890458,1.1.0
3890457,1.1.0
3890456,1.1.0
3890455,1.1.0
3890454,1.1.0
3890453,1.1.0
3890452,1.1.0
3890451,1.1.0
3890450,1.1.0
3890449,1.1.0
3890448,1.1.0
3890447,1.1.0
3890446,1.1.0
3890445,1.1.0
3890444,1.1.0
3890443,1.1.0
3890442,1.1.0
3890441,1.1.0
3890440,1.1.0
3890439,1.1.0
3890438,1.1.0
3890437,1.1.0
3890436,1.1.0
3890435,1.1.0
3890434,1.1.0
3890433,1.1.0
3890432,1.1.0
3890431,1.1.0
3890430,1.1.0
3890429,1.1.0
3890428,1.1.0
3890427,1.1.0
3890426,1.1.0
3890425,1.1.0
3890424,1.1.0
3890423,1.1.0
3890422,1.1.0
3890421,1.1.0
3890420,1.1.0
3890419,1.1.0
3890418,1.1.0
3890417,1.1.0
3890416,1.1.0
3890415,1.1.0
3890414,1.1.0
3890413,1.1.0
3890412,1.1.0
3890410,1.1.0
3890409,1.1.0
3890408,1.1.0
3890407,1.1.0
3890406,1.1.0
3890405,1.1.0
3890404,1.1.0
3890403,1.1.0
3890400,1.1.0
3890399,1.1.0
3890398,1.1.0
3890395,1.1.0
3890394,1.1.0
3890393,1.1.0
3890392,1.1.0
3890391,1.1.0
3890390,1.1.0
3890389,1.1.0
3890388,1.1.0
3890387,1.1.0
3890386,1.1.0
3890383,1.1.0
3890382,1.1.0
3890381,1.1.0
3890380,1.1.0
3890379,1.1.0
3890378,1.1.0
3890377,1.1.0
3890376,1.1.0
3890375,1.1.0
3890374,1.1.0
3890373,1.1.0
3890372,1.1.0
3890371,1.1.0
3890370,1.1.0
3890369,1.1.0
3890368,1.1.0
3890367,1.1.0
3890366,1.1.0
3890365,1.1.0
3890364,1.1.0
3890363,1.1.0
3890362,1.1.0
3890361,1.1.0
3890360,1.1.0
3890359,1.1.0
3890358,1.1.0
3890357,1.1.0
3890356,1.1.0
3890355,1.1.0
3890354,1.1.0
3890353,1.1.0
3890352,1.1.0
3890351,1.1.0
3890350,1.1.0
3890349,1.1.0
3890348,1.1.0
3890347,1.1.0
3890346,1.1.0
3890345,1.1.0
3890344,1.1.0
3890343,1.1.0
3890342,1.1.0
3890341,1.1.0
3890340,1.1.0
3890339,1.1.0
3890338,1.1.0
3890337,1.1.0
3890336,1.1.0
3890335,1.1.0
3890334,1.1.0
3890333,1.1.0
3890332,1.1.0
3890331,1.1.0
3890330,1.1.0
3890329,1.1.0
3890328,1.1.0
3890327,1.1.0
3890326,1.1.0
3890325,1.1.0
3890324,1.1.0
3890323,1.1.0
3890322,1.1.0
3890321,1.1.0
3890320,1.1.0
3890319,1.1.0
3890318,1.1.0
3890317,1.1.0
3890316,1.1.0
3890315,1.1.0
3890314,1.1.0
3890313,1.1.0
3890312,1.1.0
3890311,1.1.0
3890310,1.1.0
3890309,1.1.0
3890308,1.1.0
3890307,1.1.0
3890306,1.1.0
3890305,1.1.0
3890304,1.1.0
3890303,1.1.0
3890302,1.1.0
3890301,1.1.0
3890300,1.1.0
3890299,1.1.0
3890298,1.1.0
3890297,1.1.0
3890296,1.1.0
3890295,1.1.0
3890294,1.1.0
3890293,1.1.0
3890292,1.1.0
3890291,1.1.0
3890290,1.1.0
3890289,1.1.0
3890288,1.1.0
3890286,1.1.0
3890285,1.1.0
3890284,1.1.0
3890283,1.1.0
3890281,1.1.0
3890280,1.1.0
3890279,1.1.0
3890278,1.1.0
3890277,1.1.0
3890276,1.1.0
3890275,1.1.0
3890274,1.1.0
3890273,1.1.0
3890272,1.1.0
3890271,1.1.0
3890270,1.1.0
3890267,1.1.0
3890266,1.1.0
3890265,1.1.0
3890264,1.1.0
3890263,1.1.0
3890262,1.1.0
3890261,1.1.0
3890260,1.1.0
3890259,1.1.0
